_id,topicid,docid,usrid,comments,noentity,document_id,twitter_url1,num_followers1,twitter_url2,num_followers2,twitter_url3,num_followers3
63a4ff42a824643b7283a47a,sort_P003,1,user01,,NO.REL.ENTITY,4927574a-db2f-489f-a10a-7f2bb876c868,,,,,,
63a4ff56a824643b7283a47e,sort_P003,2,user01,,NO.REL.ENTITY,08457a8d-6295-41c7-be6d-b13509231585,,,,,,
63a4ff7ba824643b7283a482,sort_P003,3,user01,,NO.REL.ENTITY,5904d3b8-ad91-4a51-b881-e63129e6fb16,,,,,,
63a4ffaca824643b7283a486,sort_P003,4,user01,,NO.REL.ENTITY,5f240714-2244-476f-9cc4-b5f43d983f04,,,,,,
63a50026a824643b7283a48a,sort_P003,5,user01,,NO.REL.ENTITY,4df4c201-ef38-46aa-95c0-c3bc4a9d25ca,,,,,,
63a50034a824643b7283a48e,sort_P003,6,user01,,NO.REL.ENTITY,bb2795e7-84d1-48f8-8dfd-db6961802341,,,,,,
63a50069a824643b7283a492,sort_P003,7,user01,,NO.REL.ENTITY,a2ad7d72-15e6-4b31-a866-1cf43bef41d4,,,,,,
63a5007fa824643b7283a496,sort_P003,8,user01,,NO.REL.ENTITY,c1d73952-acb1-44fa-99e7-a3bc52334674,,,,,,
63a500aba824643b7283a49a,sort_P003,9,user01,,NO.REL.ENTITY,a1b69f7d-633d-4319-949b-2cdd9ab90611,,,,,,
63a500c5a824643b7283a49e,sort_P003,10,user01,,NO.REL.ENTITY,958fc0b2-c76e-4938-aced-101fc0b6ca6b,,,,,,
63a500d1a824643b7283a4a2,sort_P003,11,user01,,NO.REL.ENTITY,f3a57409-c407-413c-908b-54786ceb9084,,,,,,
63a500e8a824643b7283a4a6,sort_P003,12,user01,,NO.REL.ENTITY,48b719da-2dab-452b-9154-fcdeee295660,,,,,,
63a50103a824643b7283a4aa,sort_P003,13,user01,,NO.REL.ENTITY,689cc058-15fe-40d5-8525-95fca73a6a91,,,,,,
63a50138a824643b7283a4ae,sort_P003,14,user01,,NO.REL.ENTITY,53d5aa4a-ee83-4dfd-923b-2aa97aa582a5,,,,,,
63a50148a824643b7283a4b2,sort_P003,15,user01,,NO.REL.ENTITY,fd5ff5a8-08fb-43c8-a5ab-92918feb1f89,,,,,,
63a50153a824643b7283a4b6,sort_P003,16,user01,,NO.REL.ENTITY,44969765-fc50-457c-a55c-20bae4cb9885,,,,,,
63a5016da824643b7283a4ba,sort_P003,17,user01,,NO.REL.ENTITY,d6fbc1d4-d338-422a-9aae-5ba43c3f9897,,,,,,
63a5017ba824643b7283a4be,sort_P003,18,user01,,NO.REL.ENTITY,4eaa46d5-e073-4fab-b911-47bb56bce145,,,,,,
63a50188a824643b7283a4c2,sort_P003,19,user01,,NO.REL.ENTITY,09c9e941-c508-4d91-b618-b534fd63f1d2,,,,,,
63a5019ba824643b7283a4c7,sort_P003,20,user01,,NO.REL.ENTITY,d56b67be-eb2c-40f3-9e2c-6418be5b11fb,,,,,,
63a501a5a824643b7283a4cb,sort_P003,21,user01,,NO.REL.ENTITY,1c334b08-1703-488c-af3d-bdd48008235a,,,,,,
63a5022aa824643b7283a4cf,sort_P003,22,user01,,NO.REL.ENTITY,1459b5fe-494d-44a8-b179-9904d137914f,,,,,,
63a50230a824643b7283a4d3,sort_P003,23,user01,,NO.REL.ENTITY,fa3c2604-4d38-4e7c-b66b-31c1e61d454b,,,,,,
63a50253a824643b7283a4d7,sort_P003,24,user01,,NO.REL.ENTITY,bac09c31-84b0-43ce-b153-535aa2c81b9e,,,,,,
63a5025da824643b7283a4db,sort_P003,25,user01,,NO.REL.ENTITY,9be57bb5-ee59-496a-a948-caf00ad1ea5c,,,,,,
63a5026ba824643b7283a4df,sort_P003,26,user01,,NO.REL.ENTITY,fe9dd1ef-ff35-43d7-860f-42b1334edf25,,,,,,
63a5027ba824643b7283a4e3,sort_P003,27,user01,,NO.REL.ENTITY,407d5ebb-47fe-4908-bc59-fcf0eee7b49c,,,,,,
63a50287a824643b7283a4e7,sort_P003,28,user01,,NO.REL.ENTITY,cc035f3e-59f3-4226-925c-c65ebfb76fc8,,,,,,
63a502afa824643b7283a4eb,sort_P003,29,user01,,NO.REL.ENTITY,21e21e05-92cf-4fa8-88f6-5c59230d1d4c,,,,,,
63a50323a824643b7283a4ef,sort_P003,30,user01,,NO.REL.ENTITY,0ba304bf-fd11-4913-8b8e-7f5a0ea96aff,,,,,,
63a5033ba824643b7283a4f3,sort_P003,31,user01,,NO.REL.ENTITY,b11e7e82-d5f9-4346-9d80-40c3977cac8e,,,,,,
63a50344a824643b7283a4f7,sort_P003,32,user01,,NO.REL.ENTITY,11e4a56f-2fc7-41eb-bce0-f0b0db22536f,,,,,,
63a50360a824643b7283a4fb,sort_P003,33,user01,,NO.REL.ENTITY,ba306754-1fa3-4118-84c5-a680a9b97ccf,,,,,,
63a5036aa824643b7283a4ff,sort_P003,34,user01,,NO.REL.ENTITY,6b2433fc-cfa0-463e-839c-c0ced5305f9a,,,,,,
63a50370a824643b7283a503,sort_P003,35,user01,,NO.REL.ENTITY,000fb376-84d9-4082-a506-98050d98ef42,,,,,,
63a503e2a824643b7283a507,sort_P003,36,user01,,NO.REL.ENTITY,7929ff18-0bde-484b-b366-883e5bcb7c93,,,,,,
63a503e6a824643b7283a50b,sort_P003,37,user01,,NO.REL.ENTITY,1b421e0b-f81c-413c-b1ee-51d781f0c8e6,,,,,,
63a503e8a824643b7283a50f,sort_P003,38,user01,,NO.REL.ENTITY,a4a79be8-4879-4936-b991-c6880161081d,,,,,,
63a503f8a824643b7283a513,sort_P003,39,user01,,NO.REL.ENTITY,76960162-e622-4b9e-80bc-012b1a44e110,,,,,,
63a50414a824643b7283a517,sort_P003,40,user01,,NO.REL.ENTITY,6ed3ca74-93d3-4342-ab4a-34f7d383b6f5,,,,,,
63a5042fa824643b7283a51b,sort_P003,41,user01,,NO.REL.ENTITY,dae1f7bf-21b7-441f-93ea-167d2afa210e,,,,,,
63a5043da824643b7283a51f,sort_P003,42,user01,,NO.REL.ENTITY,6fb62ed0-b835-439d-9473-4db612710773,,,,,,
63a50440a824643b7283a523,sort_P003,43,user01,,NO.REL.ENTITY,2c06579b-93cc-4c13-a141-76b647213d2a,,,,,,
63a5049fa824643b7283a527,sort_P003,44,user01,Note quite: https://twitter.com/patientwing ,NO.REL.ENTITY,e5785f09-998e-412a-b1fa-b3d10c88d5c4,,,,,,
63a504c1a824643b7283a52b,sort_P003,45,user01,,NO.REL.ENTITY,909d770e-95c6-4e61-8561-1afaae5a07d0,,,,,,
63a504d1a824643b7283a52f,sort_P003,46,user01,,NO.REL.ENTITY,6020614a-de7a-4a32-a3e2-16bb044a0bb0,,,,,,
63a504dda824643b7283a533,sort_P003,47,user01,,NO.REL.ENTITY,c084599f-5375-434a-bef3-aef917de6387,,,,,,
63a50547a824643b7283a539,sort_P003,48,user01,,NO.REL.ENTITY,36d72d1d-0241-447a-ae08-56ec24c0fc7e,,,,,,
63a50555a824643b7283a53d,sort_P003,49,user01,,NO.REL.ENTITY,ca72706c-5061-4610-9c5e-026584920cda,,,,,,
63a50566a824643b7283a541,sort_P003,50,user01,,NO.REL.ENTITY,9236041a-2290-441c-b853-dba76b894eba,,,,,,
63a50575a824643b7283a545,sort_P003,51,user01,,NO.REL.ENTITY,1f364165-588e-480a-a638-6b4f5147693b,,,,,,
63a50587a824643b7283a549,sort_P003,52,user01,,NO.REL.ENTITY,74e2f984-1be4-4846-8c0b-c7fba1b7ab91,,,,,,
63a50590a824643b7283a54d,sort_P003,53,user01,,NO.REL.ENTITY,00359095-a73e-4fe0-80dc-2b88b40900b0,,,,,,
63a505afa824643b7283a551,sort_P003,54,user01,,NO.REL.ENTITY,ead0f9ee-86bb-45d6-b9a4-83c6bf05028b,,,,,,
63a505c4a824643b7283a555,sort_P003,55,user01,,NO.REL.ENTITY,c032785d-c3be-44dd-a75f-b4b2c1a79b71,,,,,,
63a505eea824643b7283a559,sort_P003,56,user01,,NO.REL.ENTITY,4c013c73-5e80-4fa4-a7ce-68cf600f9d8d,,,,,,
63a505f8a824643b7283a55d,sort_P003,57,user01,,NO.REL.ENTITY,399caa99-d131-4a09-a01c-63feeb2738f0,,,,,,
63a505fba824643b7283a561,sort_P003,58,user01,,NO.REL.ENTITY,f46804c8-e844-497c-96a2-9d9fc499d9e0,,,,,,
63a50603a824643b7283a565,sort_P003,59,user01,,NO.REL.ENTITY,d1d241b8-16b9-43fc-b217-5a087cc5326c,,,,,,
63a50696a824643b7283a569,sort_P003,60,user01,Not quite: https://twitter.com/WasteMedicLLC,NO.REL.ENTITY,fe58dccc-0f7c-4408-b766-3f9c109736a5,,,,,,
63a506b2a824643b7283a56d,sort_P003,61,user01,,NO.REL.ENTITY,aa264486-830b-4252-8867-5cfff791558e,,,,,,
63a506bea824643b7283a571,sort_P003,62,user01,,NO.REL.ENTITY,a31865a6-3e25-48f0-a237-2580ebe53bed,,,,,,
63a506e0a824643b7283a575,sort_P003,63,user01,,NO.REL.ENTITY,ff500e05-06a3-483a-92ca-e68d923eabc1,,,,,,
63a5076ba824643b7283a579,sort_P003,64,user01,,NO.REL.ENTITY,86c3e873-4960-4c6b-a679-c73555051c18,,,,,,
63a50776a824643b7283a57d,sort_P003,65,user01,,NO.REL.ENTITY,bddd57d4-015a-4ca9-8944-0f80e1363366,,,,,,
63a5078ba824643b7283a581,sort_P003,66,user01,,NO.REL.ENTITY,905e509a-3bc6-4ef7-af26-a73613902874,,,,,,
63a50870a824643b7283a585,sort_P003,67,user01,,NO.REL.ENTITY,46acc4bd-2224-4d13-a587-e40c4b6dca04,,,,,,
63a50880a824643b7283a589,sort_P003,68,user01,,NO.REL.ENTITY,6881b803-f3ae-489d-9600-8a55f25993dd,,,,,,
63a5088da824643b7283a58d,sort_P003,69,user01,,NO.REL.ENTITY,4047d88e-a2fa-45ba-863c-d5eb3912d589,,,,,,
63a508aaa824643b7283a592,sort_P003,70,user01,,NO.REL.ENTITY,233e0de9-2d56-4abd-8c35-930f59a05153,,,,,,
63a508bca824643b7283a596,sort_P003,71,user01,,NO.REL.ENTITY,f8866be4-a154-4642-ade1-1f9b02bf73a2,,,,,,
63a508bfa824643b7283a59a,sort_P003,72,user01,,NO.REL.ENTITY,4fe11334-c5bf-4c1b-9ef2-f9976a734883,,,,,,
63a508cfa824643b7283a59e,sort_P003,73,user01,,NO.REL.ENTITY,4d0d7350-375d-4dc6-945d-8e34a7922aa6,,,,,,
63a508f5a824643b7283a5a2,sort_P003,74,user01,,NO.REL.ENTITY,7b55abca-e651-45a8-b8d7-cc15787cc4c9,,,,,,
63a50901a824643b7283a5a6,sort_P003,75,user01,,NO.REL.ENTITY,53802766-9e5f-4a38-9bdb-26dc9305c46c,,,,,,
63a50923a824643b7283a5aa,sort_P003,76,user01,,NO.REL.ENTITY,3c44de44-66fb-4866-8850-46574b2f68ad,,,,,,
63a50925a824643b7283a5ae,sort_P003,77,user01,,NO.REL.ENTITY,df46b437-ed92-4feb-a5ae-bd121d48185b,,,,,,
63a5092aa824643b7283a5b2,sort_P003,78,user01,,NO.REL.ENTITY,3b452915-755a-4847-8f6e-987b50eb4211,,,,,,
63a50932a824643b7283a5b6,sort_P003,79,user01,,NO.REL.ENTITY,c53e10a4-75c1-40ae-afde-3021eaa6ff7c,,,,,,
63a5093ba824643b7283a5ba,sort_P003,80,user01,,NO.REL.ENTITY,64f3e06b-07cd-4167-8ced-f21d0bc33064,,,,,,
63a5094ca824643b7283a5be,sort_P003,81,user01,,NO.REL.ENTITY,4c2d7666-4084-4b03-b768-e0b84fefd4b5,,,,,,
63a50953a824643b7283a5c2,sort_P003,82,user01,,NO.REL.ENTITY,2ae200a3-2aa7-49c4-bcbe-efbc8ac3e803,,,,,,
63a5096ca824643b7283a5c6,sort_P003,83,user01,,NO.REL.ENTITY,109f21dc-5d72-445b-99dc-9a128ed289c6,,,,,,
63a50997a824643b7283a5ca,sort_P003,84,user01,,NO.REL.ENTITY,8e0e5809-5db6-4b4d-889f-66a954d447af,,,,,,
63a5099ea824643b7283a5ce,sort_P003,85,user01,,NO.REL.ENTITY,30b192cd-f670-4e5f-b9c8-e66f0c25584f,,,,,,
63a509aea824643b7283a5d2,sort_P003,86,user01,,NO.REL.ENTITY,fc703275-75ee-436d-81e1-30913dfd0e97,,,,,,
63a509c4a824643b7283a5d6,sort_P003,87,user01,,NO.REL.ENTITY,ef44b089-ebcd-4c43-8129-d9abf79208ad,,,,,,
63a509f4a824643b7283a5da,sort_P003,88,user01,Not quite: http://twitter.com/limanews,NO.REL.ENTITY,b85934ec-b4f1-42ac-9ee5-ed1e1c9c4816,,,,,,
63a50a7da824643b7283a5de,sort_P003,89,user01,Finally!,,56621e07-35db-4ae5-bb75-5065f1bad7a4,http://twitter.com/OHAOregon,32.3K,,,,
63a50a88a824643b7283a5e2,sort_P003,90,user01,,NO.REL.ENTITY,46e140c9-849c-4cf8-bc55-2156dc2f2e87,,,,,,
63a50a9ca824643b7283a5e6,sort_P003,91,user01,,NO.REL.ENTITY,9ce561cd-5d6a-4646-bdf9-61bc5d6b7978,,,,,,
63a50ab1a824643b7283a5ea,sort_P003,92,user01,,NO.REL.ENTITY,f0371aaa-db54-4bd2-8178-3f26093aa26c,,,,,,
63a50acfa824643b7283a5ee,sort_P003,93,user01,,NO.REL.ENTITY,b2d49061-e455-4c5b-b645-ecf4c1a937a9,,,,,,
63a50ad5a824643b7283a5f2,sort_P003,94,user01,,NO.REL.ENTITY,edbc8e30-0c18-4fe1-bf0c-7f3d6ad7234d,,,,,,
63a50ae5a824643b7283a5f6,sort_P003,95,user01,,NO.REL.ENTITY,a6c78c3f-ade3-430b-930e-5fcbe7938d8f,,,,,,
63a50b13a824643b7283a5fa,sort_P003,96,user01,,NO.REL.ENTITY,f91173dc-be52-4e58-b085-b9ec190eb6b5,,,,,,
63a50b24a824643b7283a5fe,sort_P003,97,user01,,NO.REL.ENTITY,504148d4-ef8b-4ffd-993f-9466402c5633,,,,,,
63a50b4aa824643b7283a602,sort_P003,98,user01,,NO.REL.ENTITY,088c2f5b-842f-492a-a020-d5f020d6afb7,,,,,,
63a50b5ba824643b7283a606,sort_P003,99,user01,,NO.REL.ENTITY,8781b2f4-9b85-4293-9a24-f22567b6b74f,,,,,,
63a50b75a824643b7283a60a,sort_P003,100,user01,,NO.REL.ENTITY,440a3e4b-463b-40e1-a859-f001964aac62,,,,,,
63a50b7ba824643b7283a60e,sort_P003,101,user01,,NO.REL.ENTITY,2d1ebf81-a077-4e63-92bf-c2789e01a688,,,,,,
63a50b9aa824643b7283a612,sort_P003,102,user01,,NO.REL.ENTITY,f2640d9e-9ab7-4257-aea2-d86cf44c9408,,,,,,
63a50bb1a824643b7283a616,sort_P003,103,user01,,NO.REL.ENTITY,d2dc7e51-4768-4feb-9e85-225b976ec3b0,,,,,,
63a50bc8a824643b7283a61a,sort_P003,104,user01,,NO.REL.ENTITY,baa96931-91f0-4203-b8d1-890c8ae7d253,,,,,,
63a50bcba824643b7283a61e,sort_P003,105,user01,,NO.REL.ENTITY,e191c330-af07-4117-bb57-6dbb68af4e5b,,,,,,
63a50bd3a824643b7283a622,sort_P003,106,user01,,NO.REL.ENTITY,5cc0fa0f-d3a2-4dd5-8243-f171c032f45b,,,,,,
63a50bd6a824643b7283a626,sort_P003,107,user01,,NO.REL.ENTITY,4729bf9b-5ada-4f83-81df-a997284fb8f5,,,,,,
63a50bdda824643b7283a62a,sort_P003,108,user01,,NO.REL.ENTITY,68c5e8ed-d336-4501-a797-10cc6d36522a,,,,,,
63a50be4a824643b7283a62e,sort_P003,109,user01,,NO.REL.ENTITY,58e74052-3843-4f40-945c-83ee0943c053,,,,,,
63a50be6a824643b7283a632,sort_P003,110,user01,,NO.REL.ENTITY,b58bb184-2a1e-4c4c-8370-94d28d986898,,,,,,
63a50bf0a824643b7283a636,sort_P003,111,user01,,NO.REL.ENTITY,8e4d829c-c958-4b06-b6d1-683ef1838701,,,,,,
63a50c11a824643b7283a63a,sort_P003,112,user01,,NO.REL.ENTITY,5ae03c91-3a41-408b-bdfb-c62712b0eb5d,,,,,,
63a50c14a824643b7283a63e,sort_P003,113,user01,,NO.REL.ENTITY,ebb578a8-c2ed-4d94-a5ce-e4a31819665a,,,,,,
63a50c1ea824643b7283a642,sort_P003,114,user01,,NO.REL.ENTITY,9eaafca3-cd6d-4035-ac2d-e0ca3727928b,,,,,,
63a50c3aa824643b7283a646,sort_P003,115,user01,,NO.REL.ENTITY,2e07592a-8906-4878-83e7-e42e2fbc6a02,,,,,,
63a50c4fa824643b7283a64a,sort_P003,116,user01,,NO.REL.ENTITY,e21afd4d-17d5-410c-ba8b-aa8e82bd4fc0,,,,,,
63a50c62a824643b7283a64e,sort_P003,117,user01,,NO.REL.ENTITY,1d8655f2-ba0c-40d7-a7fe-8d1acb284331,,,,,,
63a50c72a824643b7283a652,sort_P003,118,user01,,NO.REL.ENTITY,d619f973-44cd-4d54-a8e8-cb3361cb129f,,,,,,
63a50c78a824643b7283a656,sort_P003,119,user01,,NO.REL.ENTITY,bb888cf8-659c-4cf7-87af-346f745df48b,,,,,,
63a50d72a824643b7283a65a,sort_P003,120,user01,,,2d08d035-6365-40ac-80bd-89501dcb89d8,https://twitter.com/IU_Health,28.7K,,,,
63a50d87a824643b7283a65e,sort_P003,121,user01,,NO.REL.ENTITY,c59e3926-8efb-459f-b5e7-2989a2fe700c,,,,,,
63a50d98a824643b7283a662,sort_P003,122,user01,,NO.REL.ENTITY,bb3d9464-4548-49b2-bb9e-bc975d68b992,,,,,,
63a50da5a824643b7283a666,sort_P003,123,user01,,NO.REL.ENTITY,1133ca6c-41b3-4d14-9616-8b0ac32d5189,,,,,,
63a50db1a824643b7283a66a,sort_P003,124,user01,,NO.REL.ENTITY,e2bfe53e-6ea4-4a10-985a-31ee23c26a3b,,,,,,
63a50dbba824643b7283a66e,sort_P003,125,user01,,NO.REL.ENTITY,b263c327-e12e-436f-852d-d64d49388eec,,,,,,
63a50dc8a824643b7283a672,sort_P003,126,user01,,NO.REL.ENTITY,68f1ee6b-ae78-49da-b2a5-2d14bf668b4f,,,,,,
63a50dd3a824643b7283a676,sort_P003,127,user01,,NO.REL.ENTITY,fae98f2c-e3ca-4fd6-8020-00afa0772331,,,,,,
63a50de4a824643b7283a67a,sort_P003,128,user01,,NO.REL.ENTITY,af4bbf3f-ef6b-4dba-9a35-556d42b674c9,,,,,,
63a50e1da824643b7283a67e,sort_P003,129,user01,,,252ea8a2-db9f-43b4-a79b-bf757d7040d0,https://twitter.com/OHAOregon,32.3K,,,,
63a50e34a824643b7283a682,sort_P003,130,user01,,NO.REL.ENTITY,f1bf0027-8b49-415b-81b6-3fcee3823003,,,,,,
63a50e4ba824643b7283a686,sort_P003,131,user01,,NO.REL.ENTITY,cfcea6a4-e9df-481f-87f5-79e6cde312da,,,,,,
63a50e5ca824643b7283a68a,sort_P003,132,user01,,NO.REL.ENTITY,7f1c4308-4e4b-4de5-a83a-47268bbc2260,,,,,,
63b6de2ba824641f5d8704cc,sort_P003,1,user05,the page didn't displayed properly,NO.REL.ENTITY,4927574a-db2f-489f-a10a-7f2bb876c868,,,,,,
63b6de42a824641f5d8704d0,sort_P003,2,user05,,NO.REL.ENTITY,08457a8d-6295-41c7-be6d-b13509231585,,,,,,
63b6de56a824641f5d8704d4,sort_P003,3,user05,,NO.REL.ENTITY,5904d3b8-ad91-4a51-b881-e63129e6fb16,,,,,,
63b6deb0a824641f5d8704d8,sort_P003,4,user05,,NO.REL.ENTITY,5f240714-2244-476f-9cc4-b5f43d983f04,,,,,,
63b6df06a824641f5d8704dc,sort_P003,5,user05,,NO.REL.ENTITY,4df4c201-ef38-46aa-95c0-c3bc4a9d25ca,,,,,,
63b6df3ea824641f5d8704e0,sort_P003,6,user05,,NO.REL.ENTITY,bb2795e7-84d1-48f8-8dfd-db6961802341,,,,,,
63b6e002a824641f5d8704e4,sort_P003,7,user05,,NO.REL.ENTITY,a2ad7d72-15e6-4b31-a866-1cf43bef41d4,,,,,,
63b6e024a824641f5d8704e8,sort_P003,8,user05,,NO.REL.ENTITY,c1d73952-acb1-44fa-99e7-a3bc52334674,,,,,,
63b6e046a824641f5d8704ec,sort_P003,9,user05,,NO.REL.ENTITY,a1b69f7d-633d-4319-949b-2cdd9ab90611,,,,,,
63b6e04ba824641f5d8704f0,sort_P003,10,user05,,NO.REL.ENTITY,958fc0b2-c76e-4938-aced-101fc0b6ca6b,,,,,,
63b6e054a824641f5d8704f4,sort_P003,11,user05,,NO.REL.ENTITY,f3a57409-c407-413c-908b-54786ceb9084,,,,,,
63b6e08ea824641f5d8704f8,sort_P003,12,user05,,NO.REL.ENTITY,48b719da-2dab-452b-9154-fcdeee295660,,,,,,
63b6e0c3a824641f5d8704fc,sort_P003,13,user05,,NO.REL.ENTITY,689cc058-15fe-40d5-8525-95fca73a6a91,,,,,,
63b6e118a824641f5d870500,sort_P003,14,user05,,NO.REL.ENTITY,53d5aa4a-ee83-4dfd-923b-2aa97aa582a5,,,,,,
63b6e17ba824641f5d870504,sort_P003,15,user05,,NO.REL.ENTITY,fd5ff5a8-08fb-43c8-a5ab-92918feb1f89,,,,,,
63b6e185a824641f5d870508,sort_P003,16,user05,,NO.REL.ENTITY,44969765-fc50-457c-a55c-20bae4cb9885,,,,,,
63b6e1a0a824641f5d87050c,sort_P003,17,user05,,NO.REL.ENTITY,d6fbc1d4-d338-422a-9aae-5ba43c3f9897,,,,,,
63b6e1e1a824641f5d870510,sort_P003,18,user05,,NO.REL.ENTITY,4eaa46d5-e073-4fab-b911-47bb56bce145,,,,,,
63b6e1e9a824641f5d870514,sort_P003,19,user05,,NO.REL.ENTITY,09c9e941-c508-4d91-b618-b534fd63f1d2,,,,,,
63b6e1f3a824641f5d870518,sort_P003,20,user05,,NO.REL.ENTITY,d56b67be-eb2c-40f3-9e2c-6418be5b11fb,,,,,,
63b6e1ffa824641f5d87051c,sort_P003,21,user05,,NO.REL.ENTITY,1c334b08-1703-488c-af3d-bdd48008235a,,,,,,
63b6e265a824641f5d870520,sort_P003,22,user05,,NO.REL.ENTITY,1459b5fe-494d-44a8-b179-9904d137914f,,,,,,
63b6e275a824641f5d870524,sort_P003,23,user05,,NO.REL.ENTITY,fa3c2604-4d38-4e7c-b66b-31c1e61d454b,,,,,,
63b6e2a8a824641f5d870528,sort_P003,24,user05,,NO.REL.ENTITY,bac09c31-84b0-43ce-b153-535aa2c81b9e,,,,,,
63b6e2b5a824641f5d87052c,sort_P003,25,user05,,NO.REL.ENTITY,9be57bb5-ee59-496a-a948-caf00ad1ea5c,,,,,,
63b6e2dba824641f5d870530,sort_P003,26,user05,,NO.REL.ENTITY,fe9dd1ef-ff35-43d7-860f-42b1334edf25,,,,,,
63b6e318a824641f5d870534,sort_P003,27,user05,,NO.REL.ENTITY,407d5ebb-47fe-4908-bc59-fcf0eee7b49c,,,,,,
63b6e320a824641f5d870538,sort_P003,28,user05,,NO.REL.ENTITY,cc035f3e-59f3-4226-925c-c65ebfb76fc8,,,,,,
63b6e37ba824641f5d87053c,sort_P003,29,user05,,NO.REL.ENTITY,21e21e05-92cf-4fa8-88f6-5c59230d1d4c,,,,,,
63b6e3b9a824641f5d870540,sort_P003,30,user05,,NO.REL.ENTITY,0ba304bf-fd11-4913-8b8e-7f5a0ea96aff,,,,,,
63b6e3eaa824641f5d870544,sort_P003,31,user05,,NO.REL.ENTITY,b11e7e82-d5f9-4346-9d80-40c3977cac8e,,,,,,
63b6e3faa824641f5d870548,sort_P003,32,user05,,NO.REL.ENTITY,11e4a56f-2fc7-41eb-bce0-f0b0db22536f,,,,,,
63b6e483a824641f5d87054c,sort_P003,33,user05,,,ba306754-1fa3-4118-84c5-a680a9b97ccf,https://twitter.com/figgyjam,3516,,,,
63b6e48da824641f5d870550,sort_P003,34,user05,,NO.REL.ENTITY,6b2433fc-cfa0-463e-839c-c0ced5305f9a,,,,,,
63b6e499a824641f5d870554,sort_P003,35,user05,,NO.REL.ENTITY,000fb376-84d9-4082-a506-98050d98ef42,,,,,,
63b6e4aea824641f5d870558,sort_P003,36,user05,,NO.REL.ENTITY,7929ff18-0bde-484b-b366-883e5bcb7c93,,,,,,
63b6e4bca824641f5d87055c,sort_P003,37,user05,,NO.REL.ENTITY,1b421e0b-f81c-413c-b1ee-51d781f0c8e6,,,,,,
63b6e4c4a824641f5d870560,sort_P003,38,user05,,NO.REL.ENTITY,a4a79be8-4879-4936-b991-c6880161081d,,,,,,
63b6e4dca824641f5d870564,sort_P003,39,user05,,NO.REL.ENTITY,76960162-e622-4b9e-80bc-012b1a44e110,,,,,,
63b6e4fca824641f5d870568,sort_P003,40,user05,,NO.REL.ENTITY,6ed3ca74-93d3-4342-ab4a-34f7d383b6f5,,,,,,
63b6e520a824641f5d87056c,sort_P003,41,user05,,NO.REL.ENTITY,dae1f7bf-21b7-441f-93ea-167d2afa210e,,,,,,
63b6e530a824641f5d870570,sort_P003,42,user05,,NO.REL.ENTITY,6fb62ed0-b835-439d-9473-4db612710773,,,,,,
63b6e53ba824641f5d870574,sort_P003,43,user05,,NO.REL.ENTITY,2c06579b-93cc-4c13-a141-76b647213d2a,,,,,,
63b6e57ea824641f5d870578,sort_P003,44,user05,,NO.REL.ENTITY,e5785f09-998e-412a-b1fa-b3d10c88d5c4,,,,,,
63b6e5a3a824641f5d87057c,sort_P003,45,user05,,NO.REL.ENTITY,909d770e-95c6-4e61-8561-1afaae5a07d0,,,,,,
63b6e5b4a824641f5d870580,sort_P003,46,user05,,NO.REL.ENTITY,6020614a-de7a-4a32-a3e2-16bb044a0bb0,,,,,,
63b6e5c0a824641f5d870584,sort_P003,47,user05,,NO.REL.ENTITY,c084599f-5375-434a-bef3-aef917de6387,,,,,,
63b6e5cda824641f5d870588,sort_P003,48,user05,,NO.REL.ENTITY,36d72d1d-0241-447a-ae08-56ec24c0fc7e,,,,,,
63b6e5d0a824641f5d87058c,sort_P003,49,user05,,NO.REL.ENTITY,ca72706c-5061-4610-9c5e-026584920cda,,,,,,
63b6e5d5a824641f5d870590,sort_P003,50,user05,,NO.REL.ENTITY,9236041a-2290-441c-b853-dba76b894eba,,,,,,
63b6e5dba824641f5d870594,sort_P003,51,user05,,NO.REL.ENTITY,1f364165-588e-480a-a638-6b4f5147693b,,,,,,
63b6e5e0a824641f5d870598,sort_P003,52,user05,,NO.REL.ENTITY,74e2f984-1be4-4846-8c0b-c7fba1b7ab91,,,,,,
63b6e5f1a824641f5d87059c,sort_P003,53,user05,,NO.REL.ENTITY,00359095-a73e-4fe0-80dc-2b88b40900b0,,,,,,
63b6e603a824641f5d8705a0,sort_P003,54,user05,,NO.REL.ENTITY,ead0f9ee-86bb-45d6-b9a4-83c6bf05028b,,,,,,
63b6e60da824641f5d8705a4,sort_P003,55,user05,,NO.REL.ENTITY,c032785d-c3be-44dd-a75f-b4b2c1a79b71,,,,,,
63b6e625a824641f5d8705a8,sort_P003,56,user05,,NO.REL.ENTITY,4c013c73-5e80-4fa4-a7ce-68cf600f9d8d,,,,,,
63b6e631a824641f5d8705ac,sort_P003,57,user05,,NO.REL.ENTITY,399caa99-d131-4a09-a01c-63feeb2738f0,,,,,,
63b6e636a824641f5d8705b0,sort_P003,58,user05,,NO.REL.ENTITY,f46804c8-e844-497c-96a2-9d9fc499d9e0,,,,,,
63b6e694a824641f5d8705b4,sort_P003,59,user05,,NO.REL.ENTITY,d1d241b8-16b9-43fc-b217-5a087cc5326c,,,,,,
63b6e716a824641f5d8705bd,sort_P003,61,user05,,NO.REL.ENTITY,aa264486-830b-4252-8867-5cfff791558e,,,,,,
63b6e742a824641f5d8705c3,sort_P003,60,user05,,NO.REL.ENTITY,fe58dccc-0f7c-4408-b766-3f9c109736a5,,,,,,
63b6e758a824641f5d8705c8,sort_P003,62,user05,,NO.REL.ENTITY,a31865a6-3e25-48f0-a237-2580ebe53bed,,,,,,
63b6e766a824641f5d8705cc,sort_P003,63,user05,,NO.REL.ENTITY,ff500e05-06a3-483a-92ca-e68d923eabc1,,,,,,
63b6e776a824641f5d8705d0,sort_P003,64,user05,,NO.REL.ENTITY,86c3e873-4960-4c6b-a679-c73555051c18,,,,,,
63b6e7b3a824641f5d8705d4,sort_P003,65,user05,,NO.REL.ENTITY,bddd57d4-015a-4ca9-8944-0f80e1363366,,,,,,
63b6e7bfa824641f5d8705d8,sort_P003,66,user05,,NO.REL.ENTITY,905e509a-3bc6-4ef7-af26-a73613902874,,,,,,
63b6e7d0a824641f5d8705dc,sort_P003,67,user05,,NO.REL.ENTITY,46acc4bd-2224-4d13-a587-e40c4b6dca04,,,,,,
63b97dcaa824641f5d8705e1,sort_P003,68,user05,,NO.REL.ENTITY,6881b803-f3ae-489d-9600-8a55f25993dd,,,,,,
63b97ddca824641f5d8705e5,sort_P003,69,user05,,NO.REL.ENTITY,4047d88e-a2fa-45ba-863c-d5eb3912d589,,,,,,
63b97e12a824641f5d8705e9,sort_P003,70,user05,,NO.REL.ENTITY,233e0de9-2d56-4abd-8c35-930f59a05153,,,,,,
63b97e44a824641f5d8705ed,sort_P003,71,user05,,NO.REL.ENTITY,f8866be4-a154-4642-ade1-1f9b02bf73a2,,,,,,
63b97e4ea824641f5d8705f1,sort_P003,72,user05,,NO.REL.ENTITY,4fe11334-c5bf-4c1b-9ef2-f9976a734883,,,,,,
63b97e56a824641f5d8705f5,sort_P003,73,user05,,NO.REL.ENTITY,4d0d7350-375d-4dc6-945d-8e34a7922aa6,,,,,,
63b97e61a824641f5d8705f9,sort_P003,74,user05,,NO.REL.ENTITY,7b55abca-e651-45a8-b8d7-cc15787cc4c9,,,,,,
63b97e84a824641f5d8705fd,sort_P003,75,user05,,NO.REL.ENTITY,53802766-9e5f-4a38-9bdb-26dc9305c46c,,,,,,
63b97e8fa824641f5d870601,sort_P003,76,user05,,NO.REL.ENTITY,3c44de44-66fb-4866-8850-46574b2f68ad,,,,,,
63b97e94a824641f5d870605,sort_P003,77,user05,,NO.REL.ENTITY,df46b437-ed92-4feb-a5ae-bd121d48185b,,,,,,
63b97e9fa824641f5d870609,sort_P003,78,user05,,NO.REL.ENTITY,3b452915-755a-4847-8f6e-987b50eb4211,,,,,,
63b97eaaa824641f5d87060d,sort_P003,79,user05,,NO.REL.ENTITY,c53e10a4-75c1-40ae-afde-3021eaa6ff7c,,,,,,
63b97ecaa824641f5d870611,sort_P003,80,user05,,NO.REL.ENTITY,64f3e06b-07cd-4167-8ced-f21d0bc33064,,,,,,
63b97ed1a824641f5d870615,sort_P003,81,user05,,NO.REL.ENTITY,4c2d7666-4084-4b03-b768-e0b84fefd4b5,,,,,,
63b97edca824641f5d870619,sort_P003,82,user05,,NO.REL.ENTITY,2ae200a3-2aa7-49c4-bcbe-efbc8ac3e803,,,,,,
63b97eeaa824641f5d87061d,sort_P003,83,user05,,NO.REL.ENTITY,109f21dc-5d72-445b-99dc-9a128ed289c6,,,,,,
63b97f88a824641f5d870621,sort_P003,84,user05,,NO.REL.ENTITY,8e0e5809-5db6-4b4d-889f-66a954d447af,,,,,,
63b97f9aa824641f5d870625,sort_P003,85,user05,,NO.REL.ENTITY,30b192cd-f670-4e5f-b9c8-e66f0c25584f,,,,,,
63b97fb2a824641f5d870629,sort_P003,86,user05,,NO.REL.ENTITY,fc703275-75ee-436d-81e1-30913dfd0e97,,,,,,
63b97fbba824641f5d87062d,sort_P003,87,user05,,NO.REL.ENTITY,ef44b089-ebcd-4c43-8129-d9abf79208ad,,,,,,
63b97fd5a824641f5d870631,sort_P003,88,user05,,NO.REL.ENTITY,b85934ec-b4f1-42ac-9ee5-ed1e1c9c4816,,,,,,
63b97ff9a824641f5d870635,sort_P003,89,user05,,NO.REL.ENTITY,56621e07-35db-4ae5-bb75-5065f1bad7a4,,,,,,
63b98000a824641f5d870639,sort_P003,90,user05,,NO.REL.ENTITY,46e140c9-849c-4cf8-bc55-2156dc2f2e87,,,,,,
63b98012a824641f5d87063d,sort_P003,91,user05,,NO.REL.ENTITY,9ce561cd-5d6a-4646-bdf9-61bc5d6b7978,,,,,,
63b98024a824641f5d870641,sort_P003,92,user05,,NO.REL.ENTITY,f0371aaa-db54-4bd2-8178-3f26093aa26c,,,,,,
63b9802da824641f5d870645,sort_P003,93,user05,,NO.REL.ENTITY,b2d49061-e455-4c5b-b645-ecf4c1a937a9,,,,,,
63b98039a824641f5d870649,sort_P003,94,user05,,NO.REL.ENTITY,edbc8e30-0c18-4fe1-bf0c-7f3d6ad7234d,,,,,,
63b9803fa824641f5d87064d,sort_P003,95,user05,,NO.REL.ENTITY,a6c78c3f-ade3-430b-930e-5fcbe7938d8f,,,,,,
63b9805da824641f5d870651,sort_P003,96,user05,,NO.REL.ENTITY,f91173dc-be52-4e58-b085-b9ec190eb6b5,,,,,,
63b9807ba824641f5d870655,sort_P003,97,user05,,NO.REL.ENTITY,504148d4-ef8b-4ffd-993f-9466402c5633,,,,,,
63b98090a824641f5d870659,sort_P003,98,user05,,NO.REL.ENTITY,088c2f5b-842f-492a-a020-d5f020d6afb7,,,,,,
63b9809ea824641f5d87065d,sort_P003,99,user05,,NO.REL.ENTITY,8781b2f4-9b85-4293-9a24-f22567b6b74f,,,,,,
63b980f0a824641f5d870661,sort_P003,100,user05,,NO.REL.ENTITY,440a3e4b-463b-40e1-a859-f001964aac62,,,,,,
63b980f4a824641f5d870665,sort_P003,101,user05,,NO.REL.ENTITY,2d1ebf81-a077-4e63-92bf-c2789e01a688,,,,,,
63b9810aa824641f5d870669,sort_P003,102,user05,,NO.REL.ENTITY,f2640d9e-9ab7-4257-aea2-d86cf44c9408,,,,,,
63b9811ba824641f5d87066d,sort_P003,103,user05,,NO.REL.ENTITY,d2dc7e51-4768-4feb-9e85-225b976ec3b0,,,,,,
63b98128a824641f5d870671,sort_P003,104,user05,,NO.REL.ENTITY,baa96931-91f0-4203-b8d1-890c8ae7d253,,,,,,
63b9812ca824641f5d870675,sort_P003,105,user05,,NO.REL.ENTITY,e191c330-af07-4117-bb57-6dbb68af4e5b,,,,,,
63b98132a824641f5d870679,sort_P003,106,user05,,NO.REL.ENTITY,5cc0fa0f-d3a2-4dd5-8243-f171c032f45b,,,,,,
63b98135a824641f5d87067d,sort_P003,107,user05,,NO.REL.ENTITY,4729bf9b-5ada-4f83-81df-a997284fb8f5,,,,,,
63b9813ba824641f5d870681,sort_P003,108,user05,,NO.REL.ENTITY,68c5e8ed-d336-4501-a797-10cc6d36522a,,,,,,
63b98152a824641f5d870685,sort_P003,109,user05,,NO.REL.ENTITY,58e74052-3843-4f40-945c-83ee0943c053,,,,,,
63b98156a824641f5d870689,sort_P003,110,user05,,NO.REL.ENTITY,b58bb184-2a1e-4c4c-8370-94d28d986898,,,,,,
63b981fba824641f5d87068d,sort_P003,111,user05,,NO.REL.ENTITY,8e4d829c-c958-4b06-b6d1-683ef1838701,,,,,,
63b98214a824641f5d870691,sort_P003,112,user05,,NO.REL.ENTITY,5ae03c91-3a41-408b-bdfb-c62712b0eb5d,,,,,,
63b98217a824641f5d870695,sort_P003,113,user05,,NO.REL.ENTITY,ebb578a8-c2ed-4d94-a5ce-e4a31819665a,,,,,,
63b9825fa824641f5d870699,sort_P003,114,user05,,NO.REL.ENTITY,9eaafca3-cd6d-4035-ac2d-e0ca3727928b,,,,,,
63b9827da824641f5d87069f,sort_P003,115,user05,,NO.REL.ENTITY,2e07592a-8906-4878-83e7-e42e2fbc6a02,,,,,,
63b982b3a824641f5d8706a3,sort_P003,116,user05,,NO.REL.ENTITY,e21afd4d-17d5-410c-ba8b-aa8e82bd4fc0,,,,,,
63b983b0a824641f5d8706a7,sort_P003,117,user05,,NO.REL.ENTITY,1d8655f2-ba0c-40d7-a7fe-8d1acb284331,,,,,,
63b983bca824641f5d8706ab,sort_P003,118,user05,,NO.REL.ENTITY,d619f973-44cd-4d54-a8e8-cb3361cb129f,,,,,,
63b983d3a824641f5d8706af,sort_P003,119,user05,,NO.REL.ENTITY,bb888cf8-659c-4cf7-87af-346f745df48b,,,,,,
63b9842fa824641f5d8706b3,sort_P003,120,user05,,NO.REL.ENTITY,2d08d035-6365-40ac-80bd-89501dcb89d8,,,,,,
63b9847ea824641f5d8706b7,sort_P003,121,user05,,NO.REL.ENTITY,c59e3926-8efb-459f-b5e7-2989a2fe700c,,,,,,
63b98486a824641f5d8706bb,sort_P003,122,user05,,NO.REL.ENTITY,bb3d9464-4548-49b2-bb9e-bc975d68b992,,,,,,
63b9849aa824641f5d8706bf,sort_P003,123,user05,,NO.REL.ENTITY,1133ca6c-41b3-4d14-9616-8b0ac32d5189,,,,,,
63b984ada824641f5d8706c3,sort_P003,124,user05,,NO.REL.ENTITY,e2bfe53e-6ea4-4a10-985a-31ee23c26a3b,,,,,,
63b984d4a824641f5d8706c7,sort_P003,125,user05,,NO.REL.ENTITY,b263c327-e12e-436f-852d-d64d49388eec,,,,,,
63b9850da824641f5d8706cb,sort_P003,126,user05,,NO.REL.ENTITY,68f1ee6b-ae78-49da-b2a5-2d14bf668b4f,,,,,,
63b98523a824641f5d8706cf,sort_P003,127,user05,,NO.REL.ENTITY,fae98f2c-e3ca-4fd6-8020-00afa0772331,,,,,,
63b9852fa824641f5d8706d3,sort_P003,128,user05,,NO.REL.ENTITY,af4bbf3f-ef6b-4dba-9a35-556d42b674c9,,,,,,
63b9858ba824641f5d8706d7,sort_P003,129,user05,,,252ea8a2-db9f-43b4-a79b-bf757d7040d0,https://twitter.com/OHAOregon,32328,,,,
63b985aba824641f5d8706db,sort_P003,130,user05,,NO.REL.ENTITY,f1bf0027-8b49-415b-81b6-3fcee3823003,,,,,,
63b985baa824641f5d8706df,sort_P003,131,user05,,NO.REL.ENTITY,cfcea6a4-e9df-481f-87f5-79e6cde312da,,,,,,
63b985f3a824641f5d8706e3,sort_P003,132,user05,,NO.REL.ENTITY,7f1c4308-4e4b-4de5-a83a-47268bbc2260,,,,,,
