_id,topicid,docid,usrid,comments,noentity,document_id,youtube_url1,num_subscribers1,youtube_url2,num_subscribers2,youtube_url3,num_subscribers3
63a50f9ea824643b7283a68e,sort_P004,1,user01,,NO.REL.ENTITY,94a4cd6c-9c79-441d-931e-da073f12a91a,,,,,,
63a50fe6a824643b7283a692,sort_P004,2,user01,,NO.REL.ENTITY,5fb4e12c-d912-41e0-a55f-b6bde66343b9,,,,,,
63a51110a824643b7283a696,sort_P004,3,user01,,,eacabef3-caa0-49d8-a037-4c1b869502ec,https://youtu.be/60g72d4Nqss,,,,,
63a512f5a824643b7283a69a,sort_P004,4,user01,,,eaafd7f5-6503-453e-8e8d-7df818c1e07c,https://youtu.be/-GTz0edlA2c,786K,https://youtu.be/juaWZluqC6I,786K,https://youtu.be/7Qy6yFd5Xs0,78.6K
63a513aaa824643b7283a69e,sort_P004,5,user01,tutorials,NO.REL.ENTITY,8e50058a-8d26-4231-a449-a78889c60947,,,,,,
63a51405a824643b7283a6a2,sort_P004,6,user01,,NO.REL.ENTITY,4b15bad9-29fd-41c2-8068-1c45c2e8ba00,,,,,,
63a51467a824643b7283a6a6,sort_P004,7,user01,,,26afe9c1-db91-4ebc-8915-5abc6820e96d,https://youtu.be/zZzzPqjO3fM,,,,,
63a51493a824643b7283a6aa,sort_P004,8,user01,piano lessons,NO.REL.ENTITY,cf2b7329-8ef5-4e5c-9223-743e5be5bf53,,,,,,
63a547a3a824643b7283a6b0,sort_P004,9,user01,,NO.REL.ENTITY,a62c80ab-7e38-49c5-8488-1d4b8e610450,,,,,,
63a547e7a824643b7283a6b4,sort_P004,10,user01,,NO.REL.ENTITY,74eacbd9-5f1b-497f-aab5-7356922d0fdb,,,,,,
63a54807a824643b7283a6b8,sort_P004,11,user01,,NO.REL.ENTITY,9b473937-80c6-4533-aa92-2b284c6116d6,,,,,,
63a5481ea824643b7283a6bc,sort_P004,12,user01,,NO.REL.ENTITY,7fa57446-1107-4498-b8d0-73eb52dc61e1,,,,,,
63a54863a824643b7283a6c0,sort_P004,13,user01,,NO.REL.ENTITY,581746c5-e140-47f2-a400-1702dc7578e5,,,,,,
63a548fba824643b7283a6c4,sort_P004,14,user01,the Nate Bosch Scientist video mentions www.pianolessons.com so not relevant,NO.REL.ENTITY,dfe030fe-1256-4ef0-b0cf-df7c64259a66,,,,,,
63a54940a824643b7283a6c8,sort_P004,15,user01,,,55e43818-65c2-4851-a1c9-2e809ba83b47,https://youtu.be/60g72d4Nqss,,,,,
63a5495ea824643b7283a6cc,sort_P004,16,user01,,NO.REL.ENTITY,070ed0c7-84cb-480d-a0b9-8f29075a1c96,,,,,,
63a54a50a824643b7283a6d0,sort_P004,17,user01,"""Fix you"" (song title) mentioned in a comment",,a451d24f-8f50-4cd0-ab41-e44dbc0d98cc,https://youtu.be/60g72d4Nqss,,,,,
63a54a66a824643b7283a6d4,sort_P004,18,user01,,NO.REL.ENTITY,13375b96-9653-430e-94e4-94da20af747b,,,,,,
63a54a7da824643b7283a6d8,sort_P004,19,user01,,NO.REL.ENTITY,e1903a09-6787-44c6-9395-a2977bc80d74,,,,,,
63a54a91a824643b7283a6dc,sort_P004,20,user01,,NO.REL.ENTITY,8857c567-2b70-4998-9f3e-a52e423097f7,,,,,,
63a54ab5a824643b7283a6e0,sort_P004,21,user01,"""related news"" mentions Fix You but not main topic",NO.REL.ENTITY,69661891-6885-4489-92f3-2f07712ba203,,,,,,
63a54ad3a824643b7283a6e4,sort_P004,22,user01,not YT,NO.REL.ENTITY,3e41ae9b-f539-4483-a0d9-585b35d7aaa5,,,,,,
63a54b71a824643b7283a6e8,sort_P004,23,user01,,,b84daf28-7475-4c69-90d3-dfecef25bfeb,https://youtu.be/T9ETxBHYBAU,,,,,
63a54b7ca824643b7283a6ec,sort_P004,24,user01,tutorial,NO.REL.ENTITY,66f09d3d-4ce5-4aa9-b1f1-a22b0eee0e53,,,,,,
63aa2fb5a824641f5d86ffa5,sort_P004,25,user01,nonEnglish,NO.REL.ENTITY,1cf5659c-64d7-4d3b-b009-28dd8a83b772,,,,,,
63aa2fd3a824641f5d86ffa9,sort_P004,26,user01,,NO.REL.ENTITY,a692724d-a008-4bc7-8dd5-dd525d7f0dc8,,,,,,
63aa2fe7a824641f5d86ffad,sort_P004,27,user01,,NO.REL.ENTITY,19842986-ae43-4b01-9ee8-41c10eac0289,,,,,,
63aa3112a824641f5d86ffb1,sort_P004,28,user01,nonEnglish,NO.REL.ENTITY,1db04433-6401-4ba0-b391-3fb1af7db56d,,,,,,
63aa3125a824641f5d86ffb5,sort_P004,29,user01,,NO.REL.ENTITY,ab74ad52-8dff-45d5-bc5b-4e9bf4c9b1aa,,,,,,
63aa3142a824641f5d86ffb9,sort_P004,30,user01,,NO.REL.ENTITY,16d3d606-650d-4a14-9b47-87438ed6e774,,,,,,
63aa36b9a824641f5d86ffbd,sort_P004,31,user01,,NO.REL.ENTITY,ce95c14f-336c-45d8-abd7-3cfeeb3c83f7,,,,,,
63aa36ffa824641f5d86ffc1,sort_P004,32,user01,tutorial,NO.REL.ENTITY,a513054f-414d-4467-b874-dd7f4e113e91,,,,,,
63aa371aa824641f5d86ffc5,sort_P004,33,user01,,NO.REL.ENTITY,13d6627c-61cd-45f2-9ca5-5f285bef74ea,,,,,,
63aa3730a824641f5d86ffc9,sort_P004,34,user01,Chinese,NO.REL.ENTITY,cf469059-2ecf-4668-a032-2e1b23744916,,,,,,
63aa378aa824641f5d86ffcd,sort_P004,35,user01,"""Fix You (Cover) "" is not enough info",NO.REL.ENTITY,addcb079-4abf-4f47-a6e2-1da5031736b6,,,,,,
63aa379ea824641f5d86ffd1,sort_P004,36,user01,spam,NO.REL.ENTITY,bc425c85-0848-4750-acc7-b3b06c0b907a,,,,,,
63aa37bca824641f5d86ffd5,sort_P004,37,user01,Coldplay covers Dylan,NO.REL.ENTITY,6b05ebf6-0941-472e-9808-1c5333e40b22,,,,,,
63aa37cca824641f5d86ffd9,sort_P004,38,user01,nonEnglish SERP,NO.REL.ENTITY,de90df54-1a55-498f-9541-6e832b4662e2,,,,,,
63aa3892a824641f5d86ffdd,sort_P004,39,user01,,NO.REL.ENTITY,1f26464c-1503-46ea-b5ed-bcf06671d810,,,,,,
63aa389da824641f5d86ffe1,sort_P004,40,user01,,NO.REL.ENTITY,e211b308-6cd2-40d0-bd2b-b366d96bd5ab,,,,,,
63aa3949a824641f5d86ffe5,sort_P004,41,user01,SERP,NO.REL.ENTITY,c6ceb8d1-ce30-4794-976c-80912b9e792f,,,,,,
63aa397ba824641f5d86ffe9,sort_P004,42,user01,,NO.REL.ENTITY,77e2cae0-02b0-4706-96ee-4f390b7da451,,,,,,
63aa39b2a824641f5d86ffed,sort_P004,43,user01,not youtube,NO.REL.ENTITY,41280e05-3cc3-400d-9c03-b6f7740ef9f1,,,,,,
63aa39bea824641f5d86fff1,sort_P004,44,user01,download,NO.REL.ENTITY,003662ad-76a0-4d2b-9819-7f2470bda3f4,,,,,,
63aa39d8a824641f5d86fff5,sort_P004,45,user01,spam nonEnglish,NO.REL.ENTITY,cede4d2e-cc54-4498-bb0e-754784c32937,,,,,,
63aa3ac4a824641f5d86fff9,sort_P004,46,user01,,,68001c04-fbf3-4061-9b78-cf995169646d,https://youtu.be/5n19hMu4yW0,15.8M,https://youtu.be/ebB1fvJzT24,15.8M,https://youtu.be/60g72d4Nqss,2.11M
63aa3b19a824641f5d86fffd,sort_P004,47,user01,,NO.REL.ENTITY,979d2222-ceff-4b93-a38c-40e4876fb380,,,,,,
63aa3bd6a824641f5d870001,sort_P004,48,user01,,,cbee6c51-3adc-4ce9-a02a-29a8e4bbbeb4,https://youtu.be/9GZc8r-JNBA,,,,,
63aa3be0a824641f5d870005,sort_P004,49,user01,,NO.REL.ENTITY,912e1389-0cb7-4560-ab6d-456e582dba16,,,,,,
63aa3be8a824641f5d870009,sort_P004,50,user01,,NO.REL.ENTITY,ac05f5e8-2b96-4536-9226-98c293406ff5,,,,,,
63aa3beea824641f5d87000d,sort_P004,51,user01,,NO.REL.ENTITY,667f147a-6cff-46d4-8630-331dd9258515,,,,,,
63aa3bf7a824641f5d870011,sort_P004,52,user01,,NO.REL.ENTITY,94083836-7502-4828-9abe-50c24458097f,,,,,,
63aa3c0da824641f5d870015,sort_P004,53,user01,tutorial,NO.REL.ENTITY,2b4e099c-37b7-4eef-a155-92f2865de593,,,,,,
63aa3c30a824641f5d870019,sort_P004,54,user01,"""spam now login with your mobile number""",NO.REL.ENTITY,a93b559f-5440-43dd-800a-06d48749a18a,,,,,,
63aa3c34a824641f5d87001d,sort_P004,55,user01,,NO.REL.ENTITY,93ab46cf-88e3-4f72-99db-bbf07aa180c0,,,,,,
63aa3c75a824641f5d870021,sort_P004,56,user01,"""Violin cover of Something Just Like This by the The Chainsmokers & Coldplay Hope you guys like it! Daniel Jang"" ",NO.REL.ENTITY,b297ce5a-9547-419e-b96a-0f9e42a256fd,,,,,,
63aa3c7da824641f5d870025,sort_P004,57,user01,,NO.REL.ENTITY,f51f67ee-ff18-4bfd-983a-168bd1895e3a,,,,,,
63aa3c8da824641f5d870029,sort_P004,58,user01,,NO.REL.ENTITY,d3ad193a-1e79-46a9-8728-046c7c9c7cbd,,,,,,
63aa3c9aa824641f5d87002d,sort_P004,59,user01,,NO.REL.ENTITY,cec5701d-88d7-4c2c-9c91-61a47260f652,,,,,,
63aa3caba824641f5d870031,sort_P004,60,user01,,NO.REL.ENTITY,49ec5de7-d3ee-4a3c-8b5b-fd10281a744f,,,,,,
63aa3cbea824641f5d870035,sort_P004,61,user01,tutorial,NO.REL.ENTITY,bbc5e2fe-3b25-4eff-aa32-b347499bdcac,,,,,,
63aa3cc9a824641f5d870039,sort_P004,62,user01,,NO.REL.ENTITY,9953c6ba-4917-44f8-87c5-b6d681d7b333,,,,,,
63aa3cf6a824641f5d87003d,sort_P004,63,user01,,,9657a097-0dc6-4b05-bca8-558ff44685a6,https://youtu.be/60g72d4Nqss,,,,,
63aa3d07a824641f5d870041,sort_P004,64,user01,,NO.REL.ENTITY,665511eb-cd73-4498-9adc-54bcca640383,,,,,,
63aa3d11a824641f5d870045,sort_P004,65,user01,lessons,NO.REL.ENTITY,04fcf82b-9659-486e-b026-99763808f273,,,,,,
63aa3d18a824641f5d870049,sort_P004,66,user01,,NO.REL.ENTITY,17a91341-18c5-4875-b404-2d9f75735fcd,,,,,,
63aa3d1da824641f5d87004d,sort_P004,67,user01,,NO.REL.ENTITY,b92937cf-224d-42e0-a7c8-469c12d85b1b,,,,,,
63aa3da9a824641f5d870051,sort_P004,68,user01,""" https://youtu.be/Cgovv8jWETMCello""",,907a4641-d1df-43ca-8f17-576f8d3c02e6,https://youtu.be/Cgovv8jWETM,,,,,
63aa3db6a824641f5d870055,sort_P004,69,user01,tutorial,NO.REL.ENTITY,c32965b0-43e7-4be5-be7d-8ab2534cda2f,,,,,,
63aa3dc9a824641f5d870059,sort_P004,70,user01,download,NO.REL.ENTITY,48e2d12c-7891-49dc-b72c-60aea7740bbc,,,,,,
63aa3dd3a824641f5d87005d,sort_P004,71,user01,lessons,NO.REL.ENTITY,3b45b845-3fb8-4bef-a5e7-433573315610,,,,,,
63aa3de2a824641f5d870061,sort_P004,72,user01,,NO.REL.ENTITY,ecc825f8-d8f4-4a1a-8c04-a64da4cb77b9,,,,,,
63aa3df1a824641f5d870065,sort_P004,73,user01,,NO.REL.ENTITY,aea36c12-663d-4c1c-aabb-4bce8c72a2e4,,,,,,
63aa3e00a824641f5d870069,sort_P004,74,user01,,NO.REL.ENTITY,33b105d8-b213-46c2-b89e-2863cd64a07b,,,,,,
63aa3e23a824641f5d87006d,sort_P004,75,user01,"sheet music ""Clocks""",NO.REL.ENTITY,c88eac04-2527-4b62-ba3b-715a4a0256a5,,,,,,
63aa3e2ca824641f5d870071,sort_P004,76,user01,,NO.REL.ENTITY,9c8e823b-24df-48bb-8c23-456a9394cd4e,,,,,,
63aa3e44a824641f5d870075,sort_P004,77,user01,not cover,NO.REL.ENTITY,16d6b213-9de2-48a7-9d73-be4397e24b58,,,,,,
63aa3ed7a824641f5d870079,sort_P004,78,user01,mashup,NO.REL.ENTITY,f7496095-e9c7-48fa-b5d5-3eec2dfcbb85,,,,,,
63aa3ee1a824641f5d87007d,sort_P004,79,user01,,NO.REL.ENTITY,e6ed1187-142f-460d-8379-352be10fb098,,,,,,
63aa3eefa824641f5d870081,sort_P004,80,user01,,NO.REL.ENTITY,16286439-946c-4798-a60f-d3f2a2275c55,,,,,,
63aa3f01a824641f5d870085,sort_P004,81,user01,tutorial,NO.REL.ENTITY,e9a40836-97aa-4ff3-a498-4e76a1ad61a7,,,,,,
63aa401ea824641f5d870089,sort_P004,82,user01,"from the ""5-way battle"" pane",,d0daf0d5-3eec-4ef8-b8f8-e83ee8eb6392,https://youtu.be/J6n7PfRzF2I,17.6M,https://youtu.be/d_elXY2Lcfk,17.6M,https://youtu.be/AOfMnx6fc6A,7.61M
63b02a54a824641f5d870316,sort_P004,1,user02,,NO.REL.ENTITY,94a4cd6c-9c79-441d-931e-da073f12a91a,,,,,,
63b02a75a824641f5d87031c,sort_P004,2,user02,,NO.REL.ENTITY,5fb4e12c-d912-41e0-a55f-b6bde66343b9,,,,,,
63b02aeaa824641f5d870320,sort_P004,3,user02,,NO.REL.ENTITY,eacabef3-caa0-49d8-a037-4c1b869502ec,,,,,,
63b02b13a824641f5d870324,sort_P004,4,user02,,NO.REL.ENTITY,eaafd7f5-6503-453e-8e8d-7df818c1e07c,,,,,,
63b02bcea824641f5d870328,sort_P004,5,user02,,,8e50058a-8d26-4231-a449-a78889c60947,/watch?v=JDD4R0u9STA,7700,/watch?v=CNzahuyGPdY,7700,,
63b02c07a824641f5d87032c,sort_P004,6,user02,,NO.REL.ENTITY,4b15bad9-29fd-41c2-8068-1c45c2e8ba00,,,,,,
63b02c50a824641f5d870330,sort_P004,7,user02,,NO.REL.ENTITY,26afe9c1-db91-4ebc-8915-5abc6820e96d,,,,,,
63b02c8aa824641f5d870334,sort_P004,8,user02,,NO.REL.ENTITY,cf2b7329-8ef5-4e5c-9223-743e5be5bf53,,,,,,
63b02cf5a824641f5d870338,sort_P004,9,user02,Cover of Rihanna Diamonds,NO.REL.ENTITY,a62c80ab-7e38-49c5-8488-1d4b8e610450,,,,,,
63b02d1ca824641f5d87033c,sort_P004,10,user02,,NO.REL.ENTITY,74eacbd9-5f1b-497f-aab5-7356922d0fdb,,,,,,
63b02d4ca824641f5d870340,sort_P004,11,user02,,NO.REL.ENTITY,9b473937-80c6-4533-aa92-2b284c6116d6,,,,,,
63b02d69a824641f5d870344,sort_P004,12,user02,,NO.REL.ENTITY,7fa57446-1107-4498-b8d0-73eb52dc61e1,,,,,,
63b02db3a824641f5d870348,sort_P004,13,user02,,NO.REL.ENTITY,581746c5-e140-47f2-a400-1702dc7578e5,,,,,,
63b02dd2a824641f5d87034c,sort_P004,14,user02,,NO.REL.ENTITY,dfe030fe-1256-4ef0-b0cf-df7c64259a66,,,,,,
63b02e3ea824641f5d870350,sort_P004,15,user02,A non-executable JavaScript,NO.REL.ENTITY,55e43818-65c2-4851-a1c9-2e809ba83b47,,,,,,
63b02e53a824641f5d870354,sort_P004,16,user02,,NO.REL.ENTITY,070ed0c7-84cb-480d-a0b9-8f29075a1c96,,,,,,
63b02e6ca824641f5d870358,sort_P004,17,user02,,NO.REL.ENTITY,a451d24f-8f50-4cd0-ab41-e44dbc0d98cc,,,,,,
63b02e9aa824641f5d87035c,sort_P004,18,user02,,NO.REL.ENTITY,13375b96-9653-430e-94e4-94da20af747b,,,,,,
63b02ec9a824641f5d870360,sort_P004,19,user02,A non-executable JavaScript,NO.REL.ENTITY,e1903a09-6787-44c6-9395-a2977bc80d74,,,,,,
63b03034a824641f5d870364,sort_P004,20,user02,,NO.REL.ENTITY,8857c567-2b70-4998-9f3e-a52e423097f7,,,,,,
63b0304fa824641f5d870368,sort_P004,21,user02,,NO.REL.ENTITY,69661891-6885-4489-92f3-2f07712ba203,,,,,,
63b03061a824641f5d87036c,sort_P004,22,user02,,NO.REL.ENTITY,3e41ae9b-f539-4483-a0d9-585b35d7aaa5,,,,,,
63b03077a824641f5d870370,sort_P004,23,user02,,NO.REL.ENTITY,b84daf28-7475-4c69-90d3-dfecef25bfeb,,,,,,
63b030a1a824641f5d870374,sort_P004,24,user02,,NO.REL.ENTITY,66f09d3d-4ce5-4aa9-b1f1-a22b0eee0e53,,,,,,
63b030e6a824641f5d870378,sort_P004,25,user02,,NO.REL.ENTITY,1cf5659c-64d7-4d3b-b009-28dd8a83b772,,,,,,
63b03112a824641f5d87037c,sort_P004,26,user02,,NO.REL.ENTITY,a692724d-a008-4bc7-8dd5-dd525d7f0dc8,,,,,,
63b03162a824641f5d870380,sort_P004,27,user02,,NO.REL.ENTITY,19842986-ae43-4b01-9ee8-41c10eac0289,,,,,,
63b237cca824641f5d87039f,sort_P004,28,user02,,NO.REL.ENTITY,1db04433-6401-4ba0-b391-3fb1af7db56d,,,,,,
63b237fba824641f5d8703a3,sort_P004,29,user02,,NO.REL.ENTITY,ab74ad52-8dff-45d5-bc5b-4e9bf4c9b1aa,,,,,,
63b2380aa824641f5d8703a7,sort_P004,30,user02,,NO.REL.ENTITY,16d3d606-650d-4a14-9b47-87438ed6e774,,,,,,
63b2383aa824641f5d8703ab,sort_P004,31,user02,,NO.REL.ENTITY,ce95c14f-336c-45d8-abd7-3cfeeb3c83f7,,,,,,
63b23848a824641f5d8703af,sort_P004,32,user02,,NO.REL.ENTITY,a513054f-414d-4467-b874-dd7f4e113e91,,,,,,
63b23856a824641f5d8703b3,sort_P004,33,user02,,NO.REL.ENTITY,13d6627c-61cd-45f2-9ca5-5f285bef74ea,,,,,,
63b2387ba824641f5d8703b7,sort_P004,34,user02,A non-executable JavaScript,NO.REL.ENTITY,cf469059-2ecf-4668-a032-2e1b23744916,,,,,,
63b238aba824641f5d8703bb,sort_P004,35,user02,,NO.REL.ENTITY,addcb079-4abf-4f47-a6e2-1da5031736b6,,,,,,
63b238c9a824641f5d8703bf,sort_P004,36,user02,A non-executable JavaScript,NO.REL.ENTITY,bc425c85-0848-4750-acc7-b3b06c0b907a,,,,,,
63b238e1a824641f5d8703c3,sort_P004,37,user02,,NO.REL.ENTITY,6b05ebf6-0941-472e-9808-1c5333e40b22,,,,,,
63b238f3a824641f5d8703c7,sort_P004,38,user02,,NO.REL.ENTITY,de90df54-1a55-498f-9541-6e832b4662e2,,,,,,
63b23923a824641f5d8703cb,sort_P004,39,user02,,NO.REL.ENTITY,1f26464c-1503-46ea-b5ed-bcf06671d810,,,,,,
63b2393aa824641f5d8703cf,sort_P004,40,user02,,NO.REL.ENTITY,e211b308-6cd2-40d0-bd2b-b366d96bd5ab,,,,,,
63b23a2aa824641f5d8703d3,sort_P004,41,user02,,,c6ceb8d1-ce30-4794-976c-80912b9e792f,/watch?v=9FxBZojAcnA,,,,,
63b23a45a824641f5d8703d9,sort_P004,42,user02,,NO.REL.ENTITY,77e2cae0-02b0-4706-96ee-4f390b7da451,,,,,,
63b23a65a824641f5d8703dd,sort_P004,43,user02,,NO.REL.ENTITY,41280e05-3cc3-400d-9c03-b6f7740ef9f1,,,,,,
63b23a7ea824641f5d8703e1,sort_P004,44,user02,,NO.REL.ENTITY,003662ad-76a0-4d2b-9819-7f2470bda3f4,,,,,,
63b23aaca824641f5d8703e5,sort_P004,45,user02,,NO.REL.ENTITY,cede4d2e-cc54-4498-bb0e-754784c32937,,,,,,
63b23ac5a824641f5d8703e9,sort_P004,46,user02,,NO.REL.ENTITY,68001c04-fbf3-4061-9b78-cf995169646d,,,,,,
63b23adaa824641f5d8703ed,sort_P004,47,user02,,NO.REL.ENTITY,979d2222-ceff-4b93-a38c-40e4876fb380,,,,,,
63b23b04a824641f5d8703f1,sort_P004,48,user02,,NO.REL.ENTITY,cbee6c51-3adc-4ce9-a02a-29a8e4bbbeb4,,,,,,
63b23bfba824641f5d8703f5,sort_P004,49,user02,,NO.REL.ENTITY,912e1389-0cb7-4560-ab6d-456e582dba16,,,,,,
63b23c0ea824641f5d8703fa,sort_P004,50,user02,,NO.REL.ENTITY,ac05f5e8-2b96-4536-9226-98c293406ff5,,,,,,
63b23c1fa824641f5d8703ff,sort_P004,51,user02,,NO.REL.ENTITY,667f147a-6cff-46d4-8630-331dd9258515,,,,,,
63b23c32a824641f5d870405,sort_P004,52,user02,,NO.REL.ENTITY,94083836-7502-4828-9abe-50c24458097f,,,,,,
63b23c63a824641f5d870409,sort_P004,53,user02,A non-executable JavaScript,NO.REL.ENTITY,2b4e099c-37b7-4eef-a155-92f2865de593,,,,,,
63b23c70a824641f5d87040d,sort_P004,54,user02,,NO.REL.ENTITY,a93b559f-5440-43dd-800a-06d48749a18a,,,,,,
63b23cd3a824641f5d870411,sort_P004,55,user02,,NO.REL.ENTITY,93ab46cf-88e3-4f72-99db-bbf07aa180c0,,,,,,
63b23ce9a824641f5d870415,sort_P004,56,user02,,NO.REL.ENTITY,b297ce5a-9547-419e-b96a-0f9e42a256fd,,,,,,
63b23d14a824641f5d870419,sort_P004,57,user02,,NO.REL.ENTITY,f51f67ee-ff18-4bfd-983a-168bd1895e3a,,,,,,
63b23d32a824641f5d87041d,sort_P004,58,user02,,NO.REL.ENTITY,d3ad193a-1e79-46a9-8728-046c7c9c7cbd,,,,,,
63b23d40a824641f5d870421,sort_P004,59,user02,,NO.REL.ENTITY,cec5701d-88d7-4c2c-9c91-61a47260f652,,,,,,
63b23f1fa824641f5d870425,sort_P004,60,user02,There are many other relevant entities,,49ec5de7-d3ee-4a3c-8b5b-fd10281a744f,/watch?v=yNWrH_TGo88,24.3M,watch?v=OUiizphm9EU,24.3M,/watch?v=eDv6OSpiuAI,24.3M
63b23f94a824641f5d870429,sort_P004,61,user02,,NO.REL.ENTITY,bbc5e2fe-3b25-4eff-aa32-b347499bdcac,,,,,,
63b23fada824641f5d87042d,sort_P004,62,user02,,NO.REL.ENTITY,9953c6ba-4917-44f8-87c5-b6d681d7b333,,,,,,
63b23fc8a824641f5d870431,sort_P004,63,user02,,NO.REL.ENTITY,9657a097-0dc6-4b05-bca8-558ff44685a6,,,,,,
63b23fe8a824641f5d870435,sort_P004,64,user02,,NO.REL.ENTITY,665511eb-cd73-4498-9adc-54bcca640383,,,,,,
63b24004a824641f5d870439,sort_P004,65,user02,,NO.REL.ENTITY,04fcf82b-9659-486e-b026-99763808f273,,,,,,
63b240dfa824641f5d87043e,sort_P004,66,user02,,NO.REL.ENTITY,17a91341-18c5-4875-b404-2d9f75735fcd,,,,,,
63b240fea824641f5d870442,sort_P004,67,user02,Webpage crashes down.,NO.REL.ENTITY,b92937cf-224d-42e0-a7c8-469c12d85b1b,,,,,,
63b2440fa824641f5d870446,sort_P004,68,user02,,NO.REL.ENTITY,907a4641-d1df-43ca-8f17-576f8d3c02e6,,,,,,
63b24430a824641f5d87044a,sort_P004,69,user02,A non-executable JavaScript,NO.REL.ENTITY,c32965b0-43e7-4be5-be7d-8ab2534cda2f,,,,,,
63b24612a824641f5d87044e,sort_P004,70,user02,,NO.REL.ENTITY,48e2d12c-7891-49dc-b72c-60aea7740bbc,,,,,,
63b24624a824641f5d870452,sort_P004,71,user02,,NO.REL.ENTITY,3b45b845-3fb8-4bef-a5e7-433573315610,,,,,,
63b24644a824641f5d870456,sort_P004,72,user02,,NO.REL.ENTITY,ecc825f8-d8f4-4a1a-8c04-a64da4cb77b9,,,,,,
63b2473ea824641f5d87045a,sort_P004,73,user02,,NO.REL.ENTITY,aea36c12-663d-4c1c-aabb-4bce8c72a2e4,,,,,,
63b24795a824641f5d87045e,sort_P004,74,user02,,NO.REL.ENTITY,33b105d8-b213-46c2-b89e-2863cd64a07b,,,,,,
63b2483fa824641f5d870462,sort_P004,75,user02,,NO.REL.ENTITY,c88eac04-2527-4b62-ba3b-715a4a0256a5,,,,,,
63b24aeea824641f5d870466,sort_P004,76,user02,,NO.REL.ENTITY,9c8e823b-24df-48bb-8c23-456a9394cd4e,,,,,,
63b24b0da824641f5d87046a,sort_P004,77,user02,,NO.REL.ENTITY,16d6b213-9de2-48a7-9d73-be4397e24b58,,,,,,
63b24bcda824641f5d87046e,sort_P004,78,user02,,NO.REL.ENTITY,f7496095-e9c7-48fa-b5d5-3eec2dfcbb85,,,,,,
63b24beca824641f5d870472,sort_P004,79,user02,A non-executable JavaScript,NO.REL.ENTITY,e6ed1187-142f-460d-8379-352be10fb098,,,,,,
63b2514da824641f5d870476,sort_P004,80,user02,,NO.REL.ENTITY,16286439-946c-4798-a60f-d3f2a2275c55,,,,,,
63b2516da824641f5d87047a,sort_P004,81,user02,,NO.REL.ENTITY,e9a40836-97aa-4ff3-a498-4e76a1ad61a7,,,,,,
63b2525aa824641f5d87047e,sort_P004,82,user02,,NO.REL.ENTITY,d0daf0d5-3eec-4ef8-b8f8-e83ee8eb6392,,,,,,
