_id,topicid,docid,usrid,researcher_name1,bio_url1,gender1,google_scholar_url1,h_index1,researcher_name2,bio_url2,gender2,google_scholar_url2,h_index2,researcher_name3,bio_url3,gender3,google_scholar_url3,h_index3,comments,document_id,noentity
63a3eda6a824643b7283a43e,sort_P001,1,user01,William Hersh,https://www.ohsu.edu/people/william-r-hersh-md,he,https://scholar.google.com/citations?user=xFn_7nUAAAAJ,77,,,,,,,,,,,"aka ""William R. Hersh"" and ""Bill Hersh""",19c7571b-948a-4aa2-90c4-ba55206b8444,
63a3f299a824643b7283a442,sort_P001,2,user01,William R. Hersh,https://www.ohsu.edu/people/william-r-hersh-md,he,https://scholar.google.com/citations?user=xFn_7nUAAAAJ,77,Robert A. Greenes,https://www.topionetworks.com/people/robert-greenes-5491896cb28949dc54001f94,he,https://scholar.google.com/citations?user=Njryy0MAAAAJ,53,,,,,,Greenes is not really an IR person but has IR papers,d40ba8f7-7f55-4118-8e7a-cfdcdd8598fc,
63a3f8bba824643b7283a446,sort_P001,3,user01,Kira Radinsky,https://digitalhealth.med.brown.edu/people/kira-radinsky-phd,she,https://scholar.google.com/citations?user=ddBA9RoAAAAJ,26,David Carmel,https://davidcarmel.org/about/,he,https://scholar.google.com/citations?user=LI8JbiIAAAAJ,48,Aya Soffer ,https://researcher.watson.ibm.com/researcher/view.php?person=il-AYAS,she,https://scholar.google.com/citations?user=vJmb15AAAAAJ,32,,e136cc0f-5467-4349-a99c-1fe895d85ae3,
63a3fa46a824643b7283a44a,sort_P001,4,user01,Hang Li,https://www.linkedin.com/in/hang-li-84aa6314/,he,https://scholar.google.com/citations?user=nTl5mSwAAAAJ,74,Tie-Yan Liu,https://www.microsoft.com/en-us/research/people/tyliu/,he,https://scholar.google.com/citations?user=Nh832fgAAAAJ,78,Jun Xu,https://gsai.ruc.edu.cn/addons/teacher/index/info.html?user_id=15&ruccode=CzlVbFFhWmZQN1VlBWECNA%3D%3D&ln=en,he,https://scholar.google.com/citations?user=su14mcEAAAAJ,35,,630b960b-e8f7-49e7-bf63-97f93ed3e524,
63a3fbcba824643b7283a44e,sort_P001,5,user01,Gabriella Kazai,https://irsg.bcs.org/informer/author/gkazai/,she,https://scholar.google.fi/citations?user=0U23qOUAAAAJ,35,Keith van Rijsbergen,https://www.dcs.gla.ac.uk/~keith/,he,,,Mounia Lalmas,https://www.dcs.gla.ac.uk/~mounia/,she,https://scholar.google.fi/citations?user=wAr9G5sAAAAJ,53,,b39aeff8-6e4e-40f7-95a2-af493f1c3b38,
63a7f2aba824641f5d86fd9c,sort_P001,11,user01,,,,,,,,,,,,,,,,too multitopic,8dddc8a5-86b1-485d-a53d-a2a576b2a807,NO.REL.ENTITY
63a7f2cfa824641f5d86fda0,sort_P001,12,user01,,,,,,,,,,,,,,,,,582314ee-4c44-487e-ac38-3f54afa3ede5,NO.REL.ENTITY
63a3fdd8a824643b7283a454,sort_P001,6,user01,Bruce Croft,https://www.cics.umass.edu/faculty/directory/croft_w-bruce,he,https://scholar.google.com/citations?user=ArV74ZMAAAAJ,118,Tie-Yan Liu,https://www.microsoft.com/en-us/research/people/tyliu/,he,https://scholar.google.com/citations?user=Nh832fgAAAAJ,78,Hae-Chang Rim,https://ieeexplore.ieee.org/author/37719497900,he,https://scholar.google.com/citations?user=3jkEJxEAAAAJ,97,,b5b9681a-20b9-4b3e-b1cd-073caa30f549,
63a3fe65a824643b7283a458,sort_P001,7,user01,Tetsuya Sakai,http://sakailab.com/tetsuya/,he,https://scholar.google.co.jp/citations?user=vi56gz4AAAAJ,42,,,,,,,,,,,this page is extremely relevant,5b7a2a5b-6dbc-4177-b310-959968754927,
63a403dda824643b7283a45c,sort_P001,8,user01,Rebecca J. Passonneau,https://sites.psu.edu/becky/,other,https://scholar.google.com/citations?user=jb9VOp0AAAAJ,40,Joaquim Filipe,https://www.linkedin.com/in/joaquim-filipe-23102882/,other,https://scholar.google.com/citations?user=Qiq9kBoAAAAJ,15,,,,,,"Rebecca's bio uses ""I""",a6f4fb4b-2f72-4e35-b0c4-edb03e0b366d,
63a7f086a824641f5d86fd94,sort_P001,9,user01,Tetsuya Sakai,http://sakailab.com/tetsuya/,he,https://scholar.google.co.jp/citations?user=vi56gz4AAAAJ,42,Gareth Jones,https://www.dcu.ie/computing/people/gareth-jones,he,https://scholar.google.com/citations?user=YJuN_H8AAAAJ,49,Nigel Collier,https://www.mmll.cam.ac.uk/nhc30,he,https://scholar.google.com.vn/citations?user=ZMelBa0AAAAJ,47,also extremely relevant,16b46a2a-0d64-4b88-909a-db34622e51e6,
63a7f271a824641f5d86fd98,sort_P001,10,user01,Marco Ferrante,https://www.math.unipd.it/~probab/home/marco/marcocv.html,other,https://scholar.google.com.tw/citations?user=VFfy4ZcAAAAJ,17,Nicola Ferro,https://www.dei.unipd.it/~ferro/,he,https://scholar.google.fi/citations?user=MP_m6wgAAAAJ,32,Eleonora Losiouk,https://www.math.unipd.it/~elosiouk/,other,https://scholar.google.com/citations?user=jwKQ2PUAAAAJ,9,extremely relevant for FairWeb!,dca80adb-f3ab-4e2b-8653-085861c34265,
63a7f2d9a824641f5d86fda4,sort_P001,13,user01,,,,,,,,,,,,,,,,,c5ae0799-819e-4f41-802f-c372a970fa7a,NO.REL.ENTITY
63a7f38ba824641f5d86fda8,sort_P001,14,user01,"Baeza-Yates, Ricardo ",https://www.khoury.northeastern.edu/people/ricardo-baeza-yates/,he,https://scholar.google.fi/citations?user=v9xULZwAAAAJ,89,"Ribeiro-Neto, Berthier ",https://homepages.dcc.ufmg.br/~berthier/,he,https://scholar.google.fi/citations?user=JMkfK0sAAAAJ,37,,,,,,,8d3df0f7-f7eb-4f0b-9f9e-cb39c627bf88,
63a7f398a824641f5d86fdac,sort_P001,15,user01,,,,,,,,,,,,,,,,,8eaaa88f-7a9a-43bc-ba1d-81837862e7bb,NO.REL.ENTITY
63a7f444a824641f5d86fdb0,sort_P001,16,user01,,,,,,,,,,,,,,,,,0ca26ef9-5908-4aaa-8aa4-ea59886adc91,NO.REL.ENTITY
63a7f44da824641f5d86fdb4,sort_P001,17,user01,,,,,,,,,,,,,,,,,92d8b774-8dff-4b14-b7fd-8a8a8ecc935e,NO.REL.ENTITY
63a7f49aa824641f5d86fdb8,sort_P001,18,user01,,,,,,,,,,,,,,,,,647c14bb-3b8e-4f5a-932b-e261468ea651,NO.REL.ENTITY
63a7f5f8a824641f5d86fdbc,sort_P001,19,user01,Mitsunori Ogihara,https://www.cs.miami.edu/home/ogihara/,other,https://scholar.google.com/citations?user=vdMVIH4AAAAJ,55,,,,,,,,,,,Music Information Retrieval Conference,85529fd7-c78f-4069-9fee-e419afd3be5c,
63a7f6a8a824641f5d86fdc0,sort_P001,20,user01,"Kelly, Diane",https://provost.utk.edu/2020/07/vice-provost-for-faculty-affairs-appointment/,she,https://scholar.google.com/citations?user=sZE8jQIAAAAJ,38,"Sugimoto, Cassidy R.",https://spp.gatech.edu/people/person/2815f752-35cb-5607-a294-bc3ad6645390,she,https://scholar.google.com/citations?user=AjKdHVMAAAAJ,51,,,,,,,03fcec7a-9666-41f0-9419-6f4bdd7b95c3,
63a7f6f2a824641f5d86fdc4,sort_P001,21,user01,,,,,,,,,,,,,,,,,32353ad3-47ca-49e0-83aa-1876d6c8be2d,NO.REL.ENTITY
63a7fae0a824641f5d86fdc8,sort_P001,22,user01,"Müller, Meinard ",https://ieeexplore.ieee.org/author/37402421800,he,https://scholar.google.com.sg/citations?user=uggxDWIAAAAJ,50,Norbert Fuhr,https://en.wikipedia.org/wiki/Norbert_Fuhr,he,https://scholar.google.com.vn/citations?user=p53Ht7UAAAAJ,48,Remco Veltkamp,https://webspace.science.uu.nl/~veltk101/,other,https://scholar.google.com/citations?user=xGkWUqMAAAAJ,44,,5a9e2357-911c-4252-bd7e-fd4de6272f6a,
63a7fbf9a824641f5d86fdcc,sort_P001,23,user01,Gerard Salton,https://en.wikipedia.org/wiki/Gerard_Salton,he,https://scholar.google.com/citations?user=PmJ2544AAAAJ,67,Cyril W. Cleverdon,https://en.wikipedia.org/wiki/Cyril_Cleverdon,he,,,Karen Spärck Jones,http://www.computinghistory.org.uk/det/45798/Karen-Sp-rck-Jones/,she,https://scholar.google.com/citations?user=HzDsaGYAAAAJ,58,,64406630-28b1-456b-9d0d-5befb8b62a8a,
63a7fc28a824641f5d86fdd0,sort_P001,24,user01,,,,,,,,,,,,,,,,,7bb13b9f-e91a-48d6-8692-252a5ded7442,NO.REL.ENTITY
63a7fd77a824641f5d86fdd4,sort_P001,25,user01,Guido Zuccon,https://researchers.uq.edu.au/researcher/22857,he,https://scholar.google.com/citations?user=aEVHhC8AAAAJ,32,Bevan Koopman,http://bevankoopman.github.io/,other,https://scholar.google.com/citations?user=twCn-tYAAAAJ,22,Jimmy,http://ielab.io/people/jimmy,other,https://scholar.google.com.au/citations?user=jCAGJSsAAAAJ,8,looks like Jimmy is from Indonesia,db1ada20-df97-4bc6-9305-cb1ad0f5de66,
63a9643ea824641f5d86ff97,sort_P001,26,user01,Shu Ching Chen,https://users.cs.fiu.edu/~chens/CV_Shu-Ching_Chen.pdf,he,https://scholar.google.com/citations?user=u5HEKr1A8A0C,56,Mei Ling Shyu,https://sse.umkc.edu/profiles/shyu-mei-ling.html,she,,,,,,,,,74b6498a-56e0-41b8-b259-fa721afed202,
63a9644ba824641f5d86ff9b,sort_P001,27,user01,,,,,,,,,,,,,,,,,9a19ea32-261a-4629-81ef-ff7fdd624e5a,NO.REL.ENTITY
63a970e2a824641f5d86ff9f,sort_P001,28,user01,Roman Kern ,https://courses.isds.tugraz.at/rkern/about/cv/,he,https://scholar.google.com/citations?user=5R14JLcAAAAJ,23,Stefan Klampfl,https://www.linkedin.com/in/stefanklampfl/,other,https://scholar.google.com/citations?user=9Arp3BEAAAAJ,10,Andi Rexha,https://www.linkedin.com/in/andi-rexha-bb487881/,other,https://scholar.google.at/citations?user=21mWNR4AAAAJ,9,,9eb51eda-26c5-4b92-8b36-547a38afe286,
63aa42d3a824641f5d87008d,sort_P001,29,user01,Shuji Hashimoto,http://www.shalab.phys.waseda.ac.jp/director-e.html,he,,,,,,,,,,,,,"Nakamura san is at Shibaura, no bio found",f1515cc2-1128-49d4-aef2-fe2937eb0275,
63aa4390a824641f5d870091,sort_P001,30,user01,Tetsuya Sakai,http://sakailab.com/tetsuya/,he,https://scholar.google.co.jp/citations?user=vi56gz4AAAAJ,42,Noriko Kando,https://researchmap.jp/kando/,she,https://scholar.google.fi/citations?user=IKVCQG8AAAAJ,36,,,,,,extremely relevant,c82f30e9-8d72-4fad-a3c9-bec7d9bffdd9,
63aa43c3a824641f5d870095,sort_P001,31,user01,,,,,,,,,,,,,,,,multitopic,0be21868-1794-408a-bfcc-290173a293cd,NO.REL.ENTITY
63aa44faa824641f5d870099,sort_P001,32,user01,Fabio Crestani,https://search.usi.ch/en/people/4f0dd874bbd63c00938825fae1843200/crestani-fabio,he,https://scholar.google.com/citations?user=EoGBsiMAAAAJ,45,Hsin-Hsi Chen,https://www.ntuh.gov.tw/director/Fpage.action?muid=5435&fid=6044,other,https://scholar.google.com/citations?user=CRth4q4AAAAJ,43,Jacques Savoy,http://members.unine.ch/jacques.savoy/,other,https://scholar.google.com.sg/citations?user=qMxQgbsAAAAJ,41,,c7145cd2-9722-4d8d-be0b-6ad244e1f0fc,
63aa4676a824641f5d87009d,sort_P001,33,user01,Yunyoung Nam,https://ieeexplore.ieee.org/author/37074759600,he,https://scholar.google.com/citations?user=gz4hdwwAAAAJ,33,Een Jun Hwang,https://koreauniv.pure.elsevier.com/en/persons/een-jun-hwang,other,,,,,,,,AIRS conference. Not sure about Jin Kyu Park https://www.colorado.edu/cmrc/our-people/center-alumni-past-fellows/jin-kyu-park,c667c956-fea1-4724-a439-660863f65e89,
63aa4800a824641f5d8700a1,sort_P001,34,user01,Bo Xu,https://ieeexplore.ieee.org/author/37855063100,she,https://scholar.google.com/citations?hl=en&user=8oG3GHQAAAAJ,14,Hongfei Lin,https://ir.dlut.edu.cn/info/1031/1092.htm,other,https://scholar.google.com/citations?user=kV68br0AAAAJ,42,Fujiang Yin,https://ieeexplore.ieee.org/author/37269393800,he,,,bio IR https://bmcbioinformatics.biomedcentral.com/articles/10.1186/s12859-019-3080-2,fc8135c0-0f96-49dd-85a4-63781aeaec21,
63aa4838a824641f5d8700a5,sort_P001,35,user01,,,,,,,,,,,,,,,,Chinese,df805c33-d731-43a0-8382-81f72d0bd78a,NO.REL.ENTITY
63aa4843a824641f5d8700a9,sort_P001,36,user01,,,,,,,,,,,,,,,,,5017df38-f356-4966-a60b-eaf0d57a9b80,NO.REL.ENTITY
63aa4849a824641f5d8700ad,sort_P001,37,user01,,,,,,,,,,,,,,,,,9a1d2b77-883c-49ed-83c9-30e2ec909d1a,NO.REL.ENTITY
63aa4852a824641f5d8700b1,sort_P001,38,user01,,,,,,,,,,,,,,,,,49c0e75f-0584-416c-9415-25a135b960fc,NO.REL.ENTITY
63aa485ca824641f5d8700b5,sort_P001,39,user01,,,,,,,,,,,,,,,,,6d8574ea-fcd7-495d-906d-7e4cbd2b8dc5,NO.REL.ENTITY
63aa4a3fa824641f5d8700b9,sort_P001,40,user01,"Wilson, T. D.",https://www.sheffield.ac.uk/is/people/emeritus-honorary-visiting/tom-wilson,other,https://scholar.google.com/citations?hl=en&user=SVrANcwAAAAJ,50,,,,,,,,,,,JDOC https://www.researchgate.net/publication/228784950_Models_in_Information_Behaviour_Research,20f1e035-cafc-4085-b67c-8cce76dce65d,
63aa4a73a824641f5d8700bd,sort_P001,41,user01,,,,,,,,,,,,,,,,,20ddffc0-98d6-4fce-8e83-01505dd07c75,NO.REL.ENTITY
63aa4a79a824641f5d8700c1,sort_P001,42,user01,,,,,,,,,,,,,,,,,1e91aa16-1670-484a-ab09-431cb8c14150,NO.REL.ENTITY
63aa4a7da824641f5d8700c5,sort_P001,43,user01,,,,,,,,,,,,,,,,,253e3e66-5601-4d13-8c40-2c37deab5611,NO.REL.ENTITY
63aa4a89a824641f5d8700c9,sort_P001,44,user01,,,,,,,,,,,,,,,,,222ab03c-0cb3-4682-9076-72249ae34ac5,NO.REL.ENTITY
63aa4a8ca824641f5d8700cd,sort_P001,45,user01,,,,,,,,,,,,,,,,,4f39fdfb-3b8d-489e-8c52-d3ef1e09d2a4,NO.REL.ENTITY
63aa4b8ea824641f5d8700d1,sort_P001,46,user01,"Broughton, Vanda",https://www.ucl.ac.uk/infostudies/vanda-broughton/,other,https://scholar.google.fi/citations?user=1KTBltYAAAAJ,17,"Dawson, Andy",https://www.ucl.ac.uk/information-studies/andy-dawson,other,,,,,,,,https://www.researchgate.net/publication/32895215_The_need_for_a_FC_as_the_basis_of_all_methods_of_Information_retrieval,366db220-5fce-444d-b4dd-bea4e3f5fcac,
63aa4b90a824641f5d8700d5,sort_P001,47,user01,,,,,,,,,,,,,,,,,900074fc-5736-47ea-ab6d-ede0c5cd5091,NO.REL.ENTITY
63aa4b94a824641f5d8700d9,sort_P001,48,user01,,,,,,,,,,,,,,,,,a7303d2d-ca25-406f-8f5f-eae3e7f3a9cf,NO.REL.ENTITY
63aa4c7ca824641f5d8700dd,sort_P001,49,user01,"Clarke, Charles L.A.",https://cs.uwaterloo.ca/people-profiles/charles-clarke,he,https://scholar.google.com/citations?user=TkVleDIAAAAJ,49,"Cormack, Gordon V. ",https://cs.uwaterloo.ca/people-profiles/gordon-cormack,he,https://scholar.google.com/citations?user=wFuZKaUAAAAJ,47,"Vechtomova, Olga",https://uwaterloo.ca/engineering/profile/ovechtom,she,https://scholar.google.com/citations?hl=en&user=Ln1-_JIAAAAJ,22,,9049254b-9be1-480e-beb2-bf57065ce434,
63aa4c81a824641f5d8700e1,sort_P001,50,user01,,,,,,,,,,,,,,,,,b01256c3-624e-4406-8ebf-c1d771a470f3,NO.REL.ENTITY
63aa4d9fa824641f5d8700e5,sort_P001,51,user01,,,,,,,,,,,,,,,,https://dl.acm.org/doi/pdf/10.5555/1641417.1641441 can't find any bios,4b97f3dd-364d-4b05-a7c2-ef9f6678850e,NO.REL.ENTITY
63aa4daca824641f5d8700e9,sort_P001,52,user01,,,,,,,,,,,,,,,,,042c9563-656e-4b84-b450-01f120f3f33c,NO.REL.ENTITY
63aa4dafa824641f5d8700ed,sort_P001,53,user01,,,,,,,,,,,,,,,,,b2a87198-2cfc-4683-ac5a-dc4d2522e596,NO.REL.ENTITY
63aa4db1a824641f5d8700f1,sort_P001,54,user01,,,,,,,,,,,,,,,,,a5e5abc8-0988-4d68-99e9-a222bb4ddf15,NO.REL.ENTITY
63aa4dbca824641f5d8700f5,sort_P001,55,user01,,,,,,,,,,,,,,,,,e97ced62-4de2-4501-add8-6afc74cd6e82,NO.REL.ENTITY
63aa4dc8a824641f5d8700f9,sort_P001,56,user01,,,,,,,,,,,,,,,,,68c6576b-fdcc-41a7-8dd4-8c35c9704bc0,NO.REL.ENTITY
63aa4dd6a824641f5d8700fd,sort_P001,57,user01,,,,,,,,,,,,,,,,multitopic,852f6449-0cf4-4b76-a4d0-7521235073b4,NO.REL.ENTITY
63aa4e3ba824641f5d870101,sort_P001,58,user01,Avi Sil,https://research.ibm.com/people/avi-sil,he,https://scholar.google.com/citations?user=RCuOya4AAAAJ,23,,,,,,,,,,,Neural IR Research (Avirup),8898e016-15da-4bed-8bef-6244080e257f,
63aa4e3ea824641f5d870105,sort_P001,59,user01,,,,,,,,,,,,,,,,,4430f458-abc3-46f0-b566-d87b97aa3d31,NO.REL.ENTITY
63aa4e49a824641f5d870109,sort_P001,60,user01,,,,,,,,,,,,,,,,,6260afc5-ee8a-480f-a82d-4e01efe6c149,NO.REL.ENTITY
63aa4e4da824641f5d87010d,sort_P001,61,user01,,,,,,,,,,,,,,,,,025eae77-6dd4-43f5-8981-af9dfbe77be4,NO.REL.ENTITY
63aa4f67a824641f5d870111,sort_P001,62,user01,Maria Maistro,https://research.ku.dk/search/result/?pure=en%2Fpersons%2Fmaria-maistro(91613270-ce4b-4665-87cc-fbdae3de7383).html,she,https://scholar.google.gr/citations?user=QV3v_8kAAAAJ,11,Nicola Ferro,https://www.dei.unipd.it/~ferro/,he,https://scholar.google.gr/citations?&user=MP_m6wgAAAAJ,32,Ian Soboroff,https://www.nist.gov/people/ian-soboroff,he,https://scholar.google.com/citations?user=TcFyZgcAAAAJ,39,EXTREMELY RELEVANT FOR FAIRWEB,72a951fb-766e-492d-842c-c6e2aa509734,
63aa4f69a824641f5d870115,sort_P001,63,user01,,,,,,,,,,,,,,,,,2b2bac26-7e89-46e5-ba7d-01248790cda5,NO.REL.ENTITY
63aa4f72a824641f5d870119,sort_P001,64,user01,,,,,,,,,,,,,,,,,1061aa47-5b92-4d87-979d-e5f838311afa,NO.REL.ENTITY
63aa50d3a824641f5d87011d,sort_P001,65,user01,Yogesh Gupta,https://www.bmu.edu.in/faculty/dr-yogesh-gupta/,he,,,Ashish Saini,https://www.dei.ac.in/dei/engineering/index.php/2012-12-08-09-23-43/electrical-engg-faculty/17-electrical-engineering-faculty/57-dr-ashish-saini,he,,,A. K. Saxena,https://www.dei.ac.in/dei/engineering/index.php/2012-12-08-09-23-43/electrical-engg-faculty/17-electrical-engineering-faculty/66-prof-ajay-kumar-saxena,other,https://scholar.google.com/citations?user=a1NTzSsAAAAJ,14,https://www.researchgate.net/publication/266857829_A_new_fuzzy_logic_based_ranking_function_for_efficient_Information_Retrieval_system,a670dcf4-49a5-44e4-b705-e406aa64e9f7,
63aa50d6a824641f5d870121,sort_P001,66,user01,,,,,,,,,,,,,,,,,9731766a-e936-42d8-9031-19a8bd446ae6,NO.REL.ENTITY
63aa50dea824641f5d870125,sort_P001,67,user01,,,,,,,,,,,,,,,,,a8b3f161-b05f-4ff4-9ed9-7ecf7197b93d,NO.REL.ENTITY
63aa50e0a824641f5d870129,sort_P001,68,user01,,,,,,,,,,,,,,,,,85877437-150a-41c7-8319-b59040a840a1,NO.REL.ENTITY
63aa50e1a824641f5d87012d,sort_P001,69,user01,,,,,,,,,,,,,,,,,f5ca9e63-9f6c-4bc2-81c9-161496c31b9b,NO.REL.ENTITY
63aa514fa824641f5d870131,sort_P001,70,user01,Timo Breuer,https://ir.web.th-koeln.de/people/timo-breuer,he,,,,,,,,,,,,,,de8a3bfe-7e37-4bc9-9c20-76f7df049dc7,
63aa5257a824641f5d870135,sort_P001,71,user01,Christos Tjortjis,https://ihu.edu.gr/tjortjis/,he,https://scholar.google.com/citations?user=rKU2oiUAAAAJ,23,,,,,,,,,,,https://www.ihu.edu.gr/tjortjis/Building%20a%20multi-level%20database%20for%20efficient%20information%20retrieval%20A%20framework%20definition%20iasted%20SE%2005.pdf,ce697528-bcf8-40ab-ab16-c45b36dd9382,
63aa53d3a824641f5d870139,sort_P001,72,user01,Maiia Ivanova,https://www.researchgate.net/scientific-contributions/Maiia-Ivanova-2159091750,other,https://scholar.google.com/citations?hl=en&user=ffVvbm4AAAAJ,5,,,,,,,,,,,https://pathofscience.org/index.php/ps/article/view/705/691,23e416aa-bde0-46c7-80b0-48f98bed9231,
63aa5478a824641f5d87013d,sort_P001,73,user01,,,,,,,,,,,,,,,,,765753d2-7ac0-44d2-8f0f-1290abcd636f,NO.REL.ENTITY
63aa54e8a824641f5d870141,sort_P001,74,user01,,,,,,,,,,,,,,,,https://openlibrary.org/authors/OL2793967A/Robert_Kimberley can't find bio,52b8de85-b5bf-44d0-8319-fd7e92758feb,NO.REL.ENTITY
63aa54eda824641f5d870145,sort_P001,75,user01,,,,,,,,,,,,,,,,,0700e161-ec71-41f2-ad2c-9a5fde872f74,NO.REL.ENTITY
63aa5547a824641f5d870149,sort_P001,76,user01,"Gorichanaz, T.",https://drexel.edu/cci/about/directory/G/Gorichanaz-Tim/,he,https://scholar.google.com/citations?user=YqMcw0wAAAAJ,16,,,,,,,,,,,,cba85897-8c61-4eac-a319-0dabf3c6dad0,
63aa5567a824641f5d87014d,sort_P001,77,user01,,,,,,,,,,,,,,,,"not IR ""optical depth retrieval""",986bd1f8-bfc0-402f-b317-f3b67c802656,NO.REL.ENTITY
63aa5570a824641f5d870151,sort_P001,78,user01,,,,,,,,,,,,,,,,,8782edc2-8e48-4667-80e5-92861c23e60d,NO.REL.ENTITY
63aa5595a824641f5d870155,sort_P001,79,user01,,,,,,,,,,,,,,,,,6f567718-0b72-4f3b-a02c-7a4321a9ae6d,NO.REL.ENTITY
63aa55b8a824641f5d870159,sort_P001,80,user01,,,,,,,,,,,,,,,,info literacy,de31e6b2-6a8d-4791-b817-81894d5f2c11,NO.REL.ENTITY
63aa55cfa824641f5d87015d,sort_P001,81,user01,,,,,,,,,,,,,,,,spam?,c60fb9eb-05b3-4d64-9c9e-1496716fa464,NO.REL.ENTITY
63aa55e4a824641f5d870161,sort_P001,82,user01,,,,,,,,,,,,,,,,,f761f4de-e072-476d-b8fe-9c1ab55ca03a,NO.REL.ENTITY
63aa55f8a824641f5d870165,sort_P001,83,user01,,,,,,,,,,,,,,,,,66a0fb62-90a1-4958-afcb-aa4c685b78c8,NO.REL.ENTITY
63aa5601a824641f5d870169,sort_P001,84,user01,,,,,,,,,,,,,,,,,39b3542e-93e1-430b-9a42-3a7929d3d968,NO.REL.ENTITY
63aa560da824641f5d87016d,sort_P001,85,user01,,,,,,,,,,,,,,,,,05f94ffd-84e6-496b-99f0-c6a1f85fd9cd,NO.REL.ENTITY
63aa566fa824641f5d870171,sort_P001,86,user01,Jeremy Pickens,https://www.linkedin.com/in/jeremy-pickens-4b81bb5/,other,,,,,,,,,,,,,,dcb5321e-a6a2-4fb1-ada8-381fece0a577,
63aa5754a824641f5d870175,sort_P001,87,user01,Ruihua Song,https://gsai.ruc.edu.cn/addons/teacher/index/info.html?user_id=0&ruccode=Dz1VbAIxADQEY1BhAWUFMg%3D%3D&ln=en,she,https://scholar.google.com/citations?user=v5LctN8AAAAJ,32,Zhicheng Dou,http://playbigdata.ruc.edu.cn/dou/,he,https://scholar.google.com/citations?hl=en&user=ChCjAAwAAAAJ,23,Fan Zhang,https://frankyzhang.github.io/,other,https://scholar.google.com/citations?hl=en&user=UIJxhUsAAAAJ,8,extremely relevant,3fa9ff77-92c0-495e-b22c-40e45d8f97d5,
63aa576ca824641f5d870179,sort_P001,88,user01,,,,,,,,,,,,,,,,not IR,d40e295d-c487-495c-b08d-65acbd908a93,NO.REL.ENTITY
63aa5780a824641f5d87017d,sort_P001,89,user01,,,,,,,,,,,,,,,,,e1ece93b-a0b4-41f5-8434-d1b721977c8a,NO.REL.ENTITY
63aa58e5a824641f5d870181,sort_P001,90,user01,Kenji Mizuguchi,http://mizuguchilab.org:40080/en/members/kenji,other,https://scholar.google.com/citations?user=jLBkCfsAAAAJ,45,Mizuki Morita,https://okayama.pure.elsevier.com/en/persons/mizuki-morita,other,https://0-scholar-google-com.brum.beds.ac.uk/citations?user=SPirINoAAAAJ,16,Chiyoko Nagao,https://researchmap.jp/c_nagao?lang=en,other,,,https://pubmed.ncbi.nlm.nih.gov/23110816/,80d43a12-986d-4ecf-890f-03802145f51f,
63aa5a60a824641f5d870185,sort_P001,91,user01,Minkoo Kim,https://www.researchgate.net/profile/Minkoo-Kim-3,other,,,Eenjun Hwang,https://koreauniv.pure.elsevier.com/en/persons/een-jun-hwang,other,https://scholar.google.com/citations?user=RL8O8rgAAAAJ,28,Byeong Jun Han,https://www.researchgate.net/profile/Byeong-Jun-Han,other,,,https://link.springer.com/chapter/10.1007/978-3-540-74819-9_74,46546bd3-fd36-4d5a-a369-22a399394654,
63ab6cefa824641f5d870189,sort_P001,92,user01,Qun Jin,https://www.f.waseda.jp/jin/,he,https://scholar.google.fi/citations?user=6viv2j0AAAAJ,28,,,,,,,,,,,Shermann S.M. Chan has an IEEE page but the page is not safe to access,506ca8bc-9ec6-4f03-b29c-384778fed7f6,
63ab6d02a824641f5d87018d,sort_P001,93,user01,,,,,,,,,,,,,,,,,73fd5cb1-4910-4b50-b282-233b48362c2e,NO.REL.ENTITY
63ab6d09a824641f5d870191,sort_P001,94,user01,,,,,,,,,,,,,,,,,db48516b-db17-434e-888b-7a6900547f85,NO.REL.ENTITY
63ab6d13a824641f5d870195,sort_P001,95,user01,,,,,,,,,,,,,,,,,22ef8712-e8c0-47c9-8365-bf133d5f35a9,NO.REL.ENTITY
63ab6d1fa824641f5d870199,sort_P001,96,user01,,,,,,,,,,,,,,,,,d9ce14ae-e0bf-4190-9e62-aaf0b8880566,NO.REL.ENTITY
63ab6dd3a824641f5d87019d,sort_P001,97,user01,Cathal Gurrin,https://www.dcu.ie/adapt/people/cathal-gurrin,he,https://scholar.google.com/citations?user=NSm2hJMAAAAJ,38,Alan F. Smeaton,https://www.dcu.ie/computing/people/alan-smeaton,he,https://scholar.google.com/citations?user=o7xnW2MAAAAJ,71,Gareth J. F. Jones,https://www.dcu.ie/computing/people/gareth-jones,he,https://scholar.google.com/citations?user=YJuN_H8AAAAJ,49,,d98b4dc6-fd16-463b-8333-09e967fba6ca,
63ab6de1a824641f5d8701a1,sort_P001,98,user01,,,,,,,,,,,,,,,,,c5afcbdc-d14d-4a64-b668-250ac976afbd,NO.REL.ENTITY
63ab6dfaa824641f5d8701a5,sort_P001,99,user01,,,,,,,,,,,,,,,,workflow patent,90ff8403-98f2-4d46-bea6-0d011a4659c4,NO.REL.ENTITY
63ab6e04a824641f5d8701a9,sort_P001,100,user01,,,,,,,,,,,,,,,,,e800724e-e8bc-46fa-8b6f-f8bb59d41a7e,NO.REL.ENTITY
63ab6ed8a824641f5d8701ad,sort_P001,101,user01,Gareth Jones,https://www.dcu.ie/computing/people/gareth-jones,he,https://scholar.google.com/citations?user=YJuN_H8AAAAJ,49,Shu Chen,https://www.researchgate.net/profile/Shu-Chen-23,other,https://scholar.google.com/citations?user=NdyAmbkAAAAJ,8,David Racca,https://www.researchgate.net/profile/David-Nicolas-Racca,other,https://scholar.google.com.sg/citations?user=7G7WedcAAAAJ,6,,de0f88b2-fd9f-49ea-abd9-71076ea477fc,
63ab6f1aa824641f5d8701b1,sort_P001,102,user01,Takehiro Yamamoto,https://u-hyogo.info/en/research/faculty/yamamoto-2/,he,https://scholar.google.com/citations?user=8ZDsbX8AAAAJ,16,,,,,,,,,,,,15b917dc-57f7-4bef-9e3c-8c0438d4f9e2,
63ab7010a824641f5d8701b5,sort_P001,103,user01,Peter Ingwersen,http://peteringwersen.info/,other,https://scholar.google.com/citations?user=Qtha5msAAAAJ,47,Nicholas Belkin,https://comminfo.rutgers.edu/belkin-nicholas,he,https://scholar.google.com/citations?user=0K0G50IAAAAJ,58,Gary Marchionini,https://sils.unc.edu/people/faculty/profiles/gary-marchionini,he,https://scholar.google.com/citations?user=x3WiOmQAAAAJ,52,recognised famous people,a07626e2-5dbd-41b7-ba07-96d3e4e9271b,
63ab7027a824641f5d8701b9,sort_P001,104,user01,,,,,,,,,,,,,,,,,94c91e8c-f4c9-47f1-a10f-320915a6ece0,NO.REL.ENTITY
63ab703ea824641f5d8701bd,sort_P001,105,user01,,,,,,,,,,,,,,,,web design,6b05ef15-f9cf-4bb9-bb27-be2eb18fc006,NO.REL.ENTITY
63ab7180a824641f5d8701c1,sort_P001,106,user01,Hongan Wang,https://ieeexplore.ieee.org/author/37280094700,he,,,Yong-Jin Liu,http://cg.cs.tsinghua.edu.cn/people/%7EYongjin/Yongjin.htm,he,https://scholar.google.com/citations?user=GNDtwWQAAAAJ,39,Cuixia Ma,https://people.ucas.ac.cn/~0010686?language=en,she,,,https://www.ecva.net/papers/eccv_2020/papers_ECCV/papers/123640698.pdf,dc1fb062-aea1-4750-8edb-8686a5105e11,
63ab7359a824641f5d8701c5,sort_P001,107,user01,Deepak P,https://www.researchgate.net/profile/Deepak-P-2,other,https://scholar.google.com/citations?user=YC60F-YAAAAJ,21,Tanmoy Chakraborty,https://tanmoychak.com/,other,https://scholar.google.com.vn/citations?user=C5S9JnIAAAAJ,31,Santhosh Kumar G ,https://iqac.cusat.ac.in/Web/profile_view/3/Dr.SanthoshKumarG,he,https://scholar.google.com/citations?hl=en&user=1b3XxQ8AAAAJ,12,IR series book,7b2f187d-8a9a-475f-9bc7-1b45d7ca2aaf,
63a86cd2a824641f5d86fe6d,sort_P001,1,user03,William Hersh,https://dmice.ohsu.edu/hersh/,he,https://scholar.google.com/citations?hl=zh-CN&user=xFn_7nUAAAAJ,77	,,,,,,,,,,,,19c7571b-948a-4aa2-90c4-ba55206b8444,
63a86cdaa824641f5d86fe73,sort_P001,2,user03,William Hersh,https://dmice.ohsu.edu/hersh/,he,https://scholar.google.com/citations?user=xFn_7nUAAAAJ,77,Robert Greenes,https://search.asu.edu/profile/1114610,he,https://scholar.google.com/citations?user=Njryy0MAAAAJ,53,,,,,,,d40ba8f7-7f55-4118-8e7a-cfdcdd8598fc,
63a86ce2a824641f5d86fe77,sort_P001,3,user03,Jeremy Pickens,https://www.linkedin.com/in/jeremy-pickens-4b81bb5/,he,,0,Keneilwe Zuva,https://www.ub.bw/user/1447,she,https://scholar.google.co.za/citations?user=Nb-UAsQAAAAJ,6,,,,,,,e136cc0f-5467-4349-a99c-1fe895d85ae3,
63a86ce8a824641f5d86fe7b,sort_P001,4,user03,Hang Li,https://www.linkedin.com/in/hang-li-84aa6314/?originalSubdomain=cn,he,https://scholar.google.com/citations?user=nTl5mSwAAAAJ,74,Jian Pei,https://sites.google.com/view/jpei/jian-peis-homepage?pli=1,he,https://scholar.google.com/citations?user=zIMEVKsAAAAJ,100	, Tie-Yan Liu,https://www.microsoft.com/en-us/research/people/tyliu/,he,https://scholar.google.com/citations?user=Nh832fgAAAAJ,,,630b960b-e8f7-49e7-bf63-97f93ed3e524,
63a86cf0a824641f5d86fe7f,sort_P001,5,user03,Gabriella Kazai,https://www.gabriella-kazai.com/,she,https://scholar.google.co.uk/citations?user=0U23qOUAAAAJ,43,Keith van Rijsbergen,https://www.dcs.gla.ac.uk/~keith/,he,https://scholar.google.co.uk/citations?user=NnFpD_sAAAAJ,35,Natasa Milic-Frayling,https://www.csap.cam.ac.uk/network/natasa-milic-frayling/,she,https://scholar.google.co.uk/citations?user=xUG2HKYAAAAJ,45,,b39aeff8-6e4e-40f7-95a2-af493f1c3b38,
63a86d00a824641f5d86fe84,sort_P001,7,user03,Tetsuya Sakai,http://sakailab.com/tetsuya/,he,https://scholar.google.co.jp/citations?user=vi56gz4AAAAJ,42,,,,,,,,,,,,5b7a2a5b-6dbc-4177-b310-959968754927,
63a86dcda824641f5d86fe9b,sort_P001,9,user03,Gareth Jones,https://computing.dcu.ie/~gjones/,he,https://scholar.google.com/citations?user=YJuN_H8AAAAJ,49,Nigel Collier,https://sites.google.com/site/nhcollier/,he,https://scholar.google.co.uk/citations?user=ZMelBa0AAAAJ,47,Tetsuya Sakai,http://sakailab.com/tetsuya/,he,https://scholar.google.co.jp/citations?user=vi56gz4AAAAJ,42,,16b46a2a-0d64-4b88-909a-db34622e51e6,
63a86e5ca824641f5d86fea4,sort_P001,10,user03,Marco Ferrante,https://scholar.google.it/citations?user=VFfy4ZcAAAAJ,he,https://scholar.google.it/citations?user=VFfy4ZcAAAAJ,17,Nicola Ferro,https://www.dei.unipd.it/~ferro/,he,https://scholar.google.com.au/citations?user=MP_m6wgAAAAJ&hl=en,32,Eleonora Losiouk,https://www.math.unipd.it/~elosiouk/,she,https://scholar.google.it/citations?user=jwKQ2PUAAAAJ,9,,dca80adb-f3ab-4e2b-8653-085861c34265,
63a86e71a824641f5d86feae,sort_P001,6,user03,,,,,,,,,,,,,,,,The page couldn't show,b5b9681a-20b9-4b3e-b1cd-073caa30f549,NO.REL.ENTITY
63a86e90a824641f5d86feb3,sort_P001,8,user03,Rebecca Jane Passonneau,https://sites.psu.edu/becky/,she,https://scholar.google.com/citations?user=jb9VOp0AAAAJ&hl=zh-CN,40	,Tifara Ramelson,https://dblp.org/pid/163/2515.html,other,,0, Boyi Xie,http://www.cs.columbia.edu/~xie/,he,https://scholar.google.com/citations?user=w_GH1BwAAAAJ,9,Couldn't confirm the gender of Tifara Ramelson despite high possibility of being female,a6f4fb4b-2f72-4e35-b0c4-edb03e0b366d,
63a870caa824641f5d86feb8,sort_P001,11,user03,,,,,,,,,,,,,,,,Couldn't find authors' information on the internet,8dddc8a5-86b1-485d-a53d-a2a576b2a807,NO.REL.ENTITY
63a87297a824641f5d86fec4,sort_P001,12,user03,Richard Heeks,https://research.manchester.ac.uk/en/persons/richard.heeks,he,https://scholar.google.com/citations?user=Iazl9wYAAAAJ,73	,,,,,,,,,,,,582314ee-4c44-487e-ac38-3f54afa3ede5,
63a872cca824641f5d86fecb,sort_P001,13,user03,,,,,,,,,,,,,,,,,c5ae0799-819e-4f41-802f-c372a970fa7a,NO.REL.ENTITY
63a87359a824641f5d86fecf,sort_P001,14,user03,Ricardo Baeza-Yates,http://www.baeza.cl/,he,https://scholar.google.co.uk/citations?user=v9xULZwAAAAJ,89	,Berthier Ribeiro-Neto,https://homepages.dcc.ufmg.br/~berthier/,he,https://scholar.google.com/citations?user=JMkfK0sAAAAJ,37,,,,,,,8d3df0f7-f7eb-4f0b-9f9e-cb39c627bf88,
63a8736ea824641f5d86fed3,sort_P001,15,user03,,,,,,,,,,,,,,,,,8eaaa88f-7a9a-43bc-ba1d-81837862e7bb,NO.REL.ENTITY
63abea52a824641f5d8701d5,sort_P001,16,user03,Maximilian Scherer,https://www.linkedin.com/in/maximilian-scherer-47624a33/,he,,0,,,,,,,,,,,,0ca26ef9-5908-4aaa-8aa4-ea59886adc91,
63abea5da824641f5d8701d9,sort_P001,17,user03,,,,,,,,,,,,,,,,,92d8b774-8dff-4b14-b7fd-8a8a8ecc935e,NO.REL.ENTITY
63abea99a824641f5d8701dd,sort_P001,18,user03,,,,,,,,,,,,,,,,,647c14bb-3b8e-4f5a-932b-e261468ea651,NO.REL.ENTITY
63abeca1a824641f5d8701e6,sort_P001,19,user03,Jingxuan Li,https://www.linkedin.com/in/jingxuan-li-26012015/,he,https://scholar.google.com/citations?user=k_oHHboAAAAJ,14	,Tao Li,https://ieeexplore.ieee.org/author/37423328000,he,,0,Mitsunori Ogihara,https://www.cs.miami.edu/home/ogihara/,he,https://scholar.google.com/citations?user=vdMVIH4AAAAJ,55,,85529fd7-c78f-4069-9fee-e419afd3be5c,
63abee22a824641f5d8701ea,sort_P001,20,user03,Diane Kelly ,https://faculty.utk.edu/Joyce.Kelly,she,https://scholar.google.com/citations?user=sZE8jQIAAAAJ,38,Cassidy R. Sugimoto,https://spp.gatech.edu/people/person/2815f752-35cb-5607-a294-bc3ad6645390,she,https://scholar.google.com/citations?user=AjKdHVMAAAAJ,51	,,,,,,,03fcec7a-9666-41f0-9419-6f4bdd7b95c3,
63abee32a824641f5d8701ee,sort_P001,21,user03,,,,,,,,,,,,,,,,The page failed to show,32353ad3-47ca-49e0-83aa-1876d6c8be2d,NO.REL.ENTITY
63abee66a824641f5d8701f2,sort_P001,22,user03, Meinard Müller,https://www.audiolabs-erlangen.de/fau/professor/mueller,he,https://scholar.google.com/citations?user=uggxDWIAAAAJ,50,,,,,,,,,,,,5a9e2357-911c-4252-bd7e-fd4de6272f6a,
63abef2ba824641f5d8701f6,sort_P001,23,user03,Cornelis van Rijsbergen,https://www.dcs.gla.ac.uk/~keith/,he,https://scholar.google.co.uk/citations?user=NnFpD_sAAAAJ,43	,Nicholas Belkin,http://wp.comminfo.rutgers.edu/belkin/,he,https://scholar.google.com/citations?user=0K0G50IAAAA,58	,,,,,,,64406630-28b1-456b-9d0d-5befb8b62a8a,
63abef3ea824641f5d8701fa,sort_P001,24,user03,,,,,,,,,,,,,,,,,7bb13b9f-e91a-48d6-8692-252a5ded7442,NO.REL.ENTITY
63abf06ba824641f5d8701fe,sort_P001,25,user03,Jimmy,http://profil.ubaya.ac.id/jimmy.html,he,https://scholar.google.com.au/citations?user=jCAGJSsAAAAJ,8,Guido Zuccon,http://ielab.io/people/guido-zuccon.html,he,https://scholar.google.com/citations?user=aEVHhC8AAAAJ,32,Bevan Koopman,http://bevankoopman.github.io/,he,https://scholar.google.com/citations?user=twCn-tYAAAAJ,22,,db1ada20-df97-4bc6-9305-cb1ad0f5de66,
63abf10ea824641f5d870202,sort_P001,26,user03,Shu-Ching Chen,https://lweb.umkc.edu/chen/,he,https://scholar.google.com/citations?user=u5HEKr1A8A0C,56,Mei Ling Shyu,https://www.computer.org/profiles/mei-ling-shyu,she,,0,,,,,,,74b6498a-56e0-41b8-b259-fa721afed202,
63abf179a824641f5d870206,sort_P001,27,user03,Stuart P. Johnson,https://www.sjassociates.com/about/meet-stu,he,,0,,,,,,,,,,,,9a19ea32-261a-4629-81ef-ff7fdd624e5a,
63abf21ea824641f5d87020a,sort_P001,28,user03,Roman Kern,https://courses.isds.tugraz.at/rkern/about/,he,https://scholar.google.com/citations?user=5R14JLcAAAAJ,23,Andi Rexha,https://scholar.google.at/citations?user=21mWNR4AAAAJ,he,https://scholar.google.at/citations?user=21mWNR4AAAAJ,9	,,,,,,,9eb51eda-26c5-4b92-8b36-547a38afe286,
63ac07b2a824641f5d87020f,sort_P001,29,user03,Shuji Hashimoto,http://www.shalab.phys.waseda.ac.jp/index-e.html,he,,0,,,other,,0,,,,,,,f1515cc2-1128-49d4-aef2-fe2937eb0275,
63ac0807a824641f5d870213,sort_P001,30,user03,Tetsuya Sakai,http://sakailab.com/publications/,he,https://scholar.google.co.jp/citations?user=vi56gz4AAAAJ,42,Noriko Kando,http://research.nii.ac.jp/~kando/index-e.html,she,https://scholar.google.ca/citations?user=IKVCQG8AAAAJ,36	,,,,,,,c82f30e9-8d72-4fad-a3c9-bec7d9bffdd9,
63ac0823a824641f5d870217,sort_P001,31,user03,,,,,,,,,,,,,,,,,0be21868-1794-408a-bfcc-290173a293cd,NO.REL.ENTITY
63ac0843a824641f5d87021b,sort_P001,32,user03,,,,,,,,,,,,,,,,,c7145cd2-9722-4d8d-be0b-6ad244e1f0fc,NO.REL.ENTITY
63ac0944a824641f5d87021f,sort_P001,33,user03, Eenjun Hwang,https://koreauniv.pure.elsevier.com/en/persons/een-jun-hwang,he,https://scholar.google.co.kr/citations?user=RL8O8rgAAAAJ,28,Yunyoung Nam,https://sites.google.com/site/yynams/,he,https://scholar.google.com/citations?user=gz4hdwwAAAAJ,,,,,,,,c667c956-fea1-4724-a439-660863f65e89,
63ac0a68a824641f5d870224,sort_P001,34,user03,Bo Xu,http://faculty.dlut.edu.cn/hongfeilin/en/index.htm,he,https://scholar.google.com/citations?user=8oG3GHQAAAAJ,14,Hongfei Lin,http://faculty.dlut.edu.cn/xubo1/en/index.htm,he,https://scholar.google.com/citations,42,,,,,,,fc8135c0-0f96-49dd-85a4-63781aeaec21,
63ac0a7fa824641f5d870228,sort_P001,35,user03,,,,,,,,,,,,,,,,,df805c33-d731-43a0-8382-81f72d0bd78a,NO.REL.ENTITY
63ac0a8da824641f5d87022c,sort_P001,36,user03,,,,,,,,,,,,,,,,,5017df38-f356-4966-a60b-eaf0d57a9b80,NO.REL.ENTITY
63ac0a9fa824641f5d870233,sort_P001,37,user03,,,,,,,,,,,,,,,,The page failed to show,9a1d2b77-883c-49ed-83c9-30e2ec909d1a,NO.REL.ENTITY
63ac0aaaa824641f5d870237,sort_P001,38,user03,,,,,,,,,,,,,,,,,49c0e75f-0584-416c-9415-25a135b960fc,NO.REL.ENTITY
63ac0ad4a824641f5d87023b,sort_P001,39,user03,,,,,,,,,,,,,,,,,6d8574ea-fcd7-495d-906d-7e4cbd2b8dc5,NO.REL.ENTITY
63ac0b2fa824641f5d87023f,sort_P001,40,user03,T.D. Wilson,http://informationr.net/ir/,he,https://scholar.google.com/citations?user=SVrANcwAAAAJ,50	,,,,,,,,,,,,20f1e035-cafc-4085-b67c-8cce76dce65d,
63ac0b5aa824641f5d870243,sort_P001,41,user03,,,,,,,,,,,,,,,,,20ddffc0-98d6-4fce-8e83-01505dd07c75,NO.REL.ENTITY
63ac0b5fa824641f5d870247,sort_P001,42,user03,,,,,,,,,,,,,,,,,1e91aa16-1670-484a-ab09-431cb8c14150,NO.REL.ENTITY
63ac0b62a824641f5d87024b,sort_P001,43,user03,,,,,,,,,,,,,,,,,253e3e66-5601-4d13-8c40-2c37deab5611,NO.REL.ENTITY
63ac0b98a824641f5d87024f,sort_P001,44,user03,,,,,,,,,,,,,,,,,222ab03c-0cb3-4682-9076-72249ae34ac5,NO.REL.ENTITY
63ac0b9ca824641f5d870253,sort_P001,45,user03,,,,,,,,,,,,,,,,,4f39fdfb-3b8d-489e-8c52-d3ef1e09d2a4,NO.REL.ENTITY
63aefc3ba824641f5d870260,sort_P001,46,user03,Vanda Broughton,https://www.ucl.ac.uk/infostudies/vanda-broughton/,she,https://scholar.google.co.uk/citations?user=1KTBltYAAAAJ,17	,,,,,,,,,,,,366db220-5fce-444d-b4dd-bea4e3f5fcac,
63aefc40a824641f5d870264,sort_P001,47,user03,,,,,,,,,,,,,,,,,900074fc-5736-47ea-ab6d-ede0c5cd5091,NO.REL.ENTITY
63aefc43a824641f5d870268,sort_P001,48,user03,,,,,,,,,,,,,,,,,a7303d2d-ca25-406f-8f5f-eae3e7f3a9cf,NO.REL.ENTITY
63aefcf8a824641f5d87026c,sort_P001,49,user03,Charles L. A. Clarke,https://plg.uwaterloo.ca/~claclark/,he,https://scholar.google.com/citations?user=TkVleDIAAAAJ,49	,Gordon V. Cormack,https://cormack.uwaterloo.ca/,he,https://scholar.google.com/citations?user=wFuZKaUAAAAJ,47	,Olga Vechtomova,https://ov-research.uwaterloo.ca/,she,https://scholar.google.ca/citations?user=Ln1-_JIAAAAJ,22	,,9049254b-9be1-480e-beb2-bf57065ce434,
63aefcfca824641f5d870270,sort_P001,50,user03,,,,,,,,,,,,,,,,,b01256c3-624e-4406-8ebf-c1d771a470f3,NO.REL.ENTITY
63aefd95a824641f5d870274,sort_P001,51,user03,,,,,,,,,,,,,,,,Could not find the information of these authors,4b97f3dd-364d-4b05-a7c2-ef9f6678850e,NO.REL.ENTITY
63aefdb7a824641f5d870278,sort_P001,52,user03,,,,,,,,,,,,,,,,,042c9563-656e-4b84-b450-01f120f3f33c,NO.REL.ENTITY
63aefdbba824641f5d87027c,sort_P001,53,user03,,,,,,,,,,,,,,,,,b2a87198-2cfc-4683-ac5a-dc4d2522e596,NO.REL.ENTITY
63aefdc7a824641f5d870280,sort_P001,54,user03,,,,,,,,,,,,,,,,The page failed to show,a5e5abc8-0988-4d68-99e9-a222bb4ddf15,NO.REL.ENTITY
63aefdcca824641f5d870284,sort_P001,55,user03,,,,,,,,,,,,,,,,,e97ced62-4de2-4501-add8-6afc74cd6e82,NO.REL.ENTITY
63aefe2ca824641f5d870289,sort_P001,56,user03,,,,,,,,,,,,,,,,,68c6576b-fdcc-41a7-8dd4-8c35c9704bc0,NO.REL.ENTITY
63aefe40a824641f5d87028d,sort_P001,57,user03,,,,,,,,,,,,,,,,,852f6449-0cf4-4b76-a4d0-7521235073b4,NO.REL.ENTITY
63aefe8da824641f5d870291,sort_P001,58,user03,Avirup Sil,https://research.ibm.com/people/avi-sil,he,https://scholar.google.com/citations?user=RCuOya4AAAAJ,23	,,,,,,,,,,,,8898e016-15da-4bed-8bef-6244080e257f,
63aefe91a824641f5d870295,sort_P001,59,user03,,,,,,,,,,,,,,,,,4430f458-abc3-46f0-b566-d87b97aa3d31,NO.REL.ENTITY
63af0384a824641f5d870299,sort_P001,60,user03,,,,,,,,,,,,,,,,,6260afc5-ee8a-480f-a82d-4e01efe6c149,NO.REL.ENTITY
63af0397a824641f5d8702a1,sort_P001,61,user03,,,,,,,,,,,,,,,,The page failed to show,025eae77-6dd4-43f5-8981-af9dfbe77be4,NO.REL.ENTITY
63af0470a824641f5d8702a5,sort_P001,62,user03,Nicola Ferro,https://www.dei.unipd.it/~ferro/,he,https://scholar.google.com.au/citations?user=MP_m6wgAAAAJ,32	,Norbert Fuhr,https://www.linkedin.com/in/norbert-fuhr-92b3396/,he,https://scholar.google.it/citations?user=p53Ht7UAAAAJ,48,Maria Maistro,https://di.ku.dk/english/staff/?pure=en/persons/641366,she,https://scholar.google.com/citations?user=QV3v_8kAAAAJ,11	,,72a951fb-766e-492d-842c-c6e2aa509734,
63af0473a824641f5d8702a9,sort_P001,63,user03,,,,,,,,,,,,,,,,,2b2bac26-7e89-46e5-ba7d-01248790cda5,NO.REL.ENTITY
63af0487a824641f5d8702b0,sort_P001,64,user03,,,,,,,,,,,,,,,,The page failed to show,1061aa47-5b92-4d87-979d-e5f838311afa,NO.REL.ENTITY
63af05cba824641f5d8702b6,sort_P001,65,user03,Yogesh Gupta,https://www.bmu.edu.in/faculty/dr-yogesh-gupta/,he,,0, Ashish Saini,https://researchr.org/alias/ashish-saini,other,,0,,,,,,,a670dcf4-49a5-44e4-b705-e406aa64e9f7,
63af05cea824641f5d8702ba,sort_P001,66,user03,,,,,,,,,,,,,,,,,9731766a-e936-42d8-9031-19a8bd446ae6,NO.REL.ENTITY
63af05d6a824641f5d8702be,sort_P001,67,user03,,,,,,,,,,,,,,,,,a8b3f161-b05f-4ff4-9ed9-7ecf7197b93d,NO.REL.ENTITY
63af05d9a824641f5d8702c2,sort_P001,68,user03,,,,,,,,,,,,,,,,,85877437-150a-41c7-8319-b59040a840a1,NO.REL.ENTITY
63af05dda824641f5d8702c6,sort_P001,69,user03,,,,,,,,,,,,,,,,,f5ca9e63-9f6c-4bc2-81c9-161496c31b9b,NO.REL.ENTITY
63af06d1a824641f5d8702ca,sort_P001,70,user03,Timo Breuer,https://ir.web.th-koeln.de/people/timo-breuer,he,,0,,,,,,,,,,,,de8a3bfe-7e37-4bc9-9c20-76f7df049dc7,
63af0738a824641f5d8702ce,sort_P001,71,user03,https://www.ihu.edu.gr/tjortjis/,https://www.ihu.edu.gr/tjortjis/,he,https://scholar.google.com/citations?user=rKU2oiUAAAAJ,23,,,,,,,,,,,,ce697528-bcf8-40ab-ab16-c45b36dd9382,
63af077aa824641f5d8702d3,sort_P001,73,user03,,,,,,,,,,,,,,,,,765753d2-7ac0-44d2-8f0f-1290abcd636f,NO.REL.ENTITY
63af083ba824641f5d8702db,sort_P001,72,user03,,,,,,,,,,,,,,,,Could not find the information of the author,23e416aa-bde0-46c7-80b0-48f98bed9231,NO.REL.ENTITY
63b0124ba824641f5d8702e1,sort_P001,74,user03,,,,,,,,,,,,,,,,Could not find the information of the author,52b8de85-b5bf-44d0-8319-fd7e92758feb,NO.REL.ENTITY
63b01258a824641f5d8702e5,sort_P001,75,user03,,,,,,,,,,,,,,,,,0700e161-ec71-41f2-ad2c-9a5fde872f74,NO.REL.ENTITY
63b0128fa824641f5d8702e9,sort_P001,76,user03,Tim Gorichanaz,https://timgorichanaz.com/,he,https://scholar.google.com/citations?user=YqMcw0wAAAAJ,16,,,,,,,,,,,,cba85897-8c61-4eac-a319-0dabf3c6dad0,
63b013c9a824641f5d8702ef,sort_P001,77,user03,Jhoon Kim,https://yatmos.github.io/eng/people/jhoonkim/,he,https://scholar.google.com/citations?user=y0WtkTsAAAAJ,40,Man Sing Wong,http://www.lsgi.polyu.edu.hk/people/academic/WONG-Man-Sing/index.asp,he,https://scholar.google.com.hk/citations?user=poqz28gAAAAJ,40,Mi Lim Ou,https://ieeexplore.ieee.org/author/37063288300,she,,0,,986bd1f8-bfc0-402f-b317-f3b67c802656,
63b013cfa824641f5d8702f3,sort_P001,78,user03,,,,,,,,,,,,,,,,,8782edc2-8e48-4667-80e5-92861c23e60d,NO.REL.ENTITY
63b013d9a824641f5d8702f7,sort_P001,79,user03,,,,,,,,,,,,,,,,,6f567718-0b72-4f3b-a02c-7a4321a9ae6d,NO.REL.ENTITY
63b014c2a824641f5d8702fb,sort_P001,80,user03,Michael C. Alewine,https://mobile.twitter.com/michael_alewine,he,https://scholar.google.com/citations?user=LSqjk54AAAAJ,1	,Mark Canada,https://www.iuk.edu/humanities-and-social-sciences/english-language-studies/fac/mark-canada.html,he,,0,,,,,,,de31e6b2-6a8d-4791-b817-81894d5f2c11,
63b014e5a824641f5d8702ff,sort_P001,81,user03,,,,,,,,,,,,,,,,,c60fb9eb-05b3-4d64-9c9e-1496716fa464,NO.REL.ENTITY
63b01520a824641f5d870303,sort_P001,82,user03,,,,,,,,,,,,,,,,,f761f4de-e072-476d-b8fe-9c1ab55ca03a,NO.REL.ENTITY
63b0163ba824641f5d870307,sort_P001,83,user03,Tengku Mohd T Sembok,https://www.researchgate.net/profile/Tengku-Sembok,he,https://scholar.google.com/citations?user=lW2KmqIAAAAJ,18	,,,,,,,,,,,,66a0fb62-90a1-4958-afcb-aa4c685b78c8,
63b01642a824641f5d87030b,sort_P001,84,user03,,,,,,,,,,,,,,,,,39b3542e-93e1-430b-9a42-3a7929d3d968,NO.REL.ENTITY
63b0164da824641f5d87030f,sort_P001,85,user03,,,,,,,,,,,,,,,,,05f94ffd-84e6-496b-99f0-c6a1f85fd9cd,NO.REL.ENTITY
63b1b3aba824641f5d870386,sort_P001,86,user03,Jeremy Pickens ,https://www.linkedin.com/in/jeremy-pickens-4b81bb5/,he,,0,,,,,,,,,,,,dcb5321e-a6a2-4fb1-ada8-381fece0a577,
63b1b4f7a824641f5d87038a,sort_P001,87,user03,Yanan Qian ,https://www.linkedin.com/in/yanan-qian-83040639/,she,https://scholar.google.com/citations?user=25_sAjsAAAAJ,8,Ruihua Song,http://ai.ruc.edu.cn/english/GSAI_FACULTY/b75fa33713354d458741a07efa53633d.htm,she,https://scholar.google.com/citations?user=v5LctN8AAAAJ,32,Zhicheng Dou,http://playbigdata.ruc.edu.cn/dou/,he,https://scholar.google.com/citations?user=ChCjAAwAAAAJ,23,,3fa9ff77-92c0-495e-b22c-40e45d8f97d5,
63b1b509a824641f5d87038f,sort_P001,88,user03,,,,,,,,,,,,,,,,,d40e295d-c487-495c-b08d-65acbd908a93,NO.REL.ENTITY
63b1b581a824641f5d870393,sort_P001,89,user03,Brigitte Mathiak,https://www.gesis.org/en/institute/staff/person/brigitte.mathiak,she,https://scholar.google.co.uk/citations?user=I3QPfcAAAAAJ,14,,,,,,,,,,,,e1ece93b-a0b4-41f5-8434-d1b721977c8a,
63b1b643a824641f5d870397,sort_P001,90,user03,Mizuki Morita,https://www.linkedin.com/in/mizuki-morita-30a2721b/?originalSubdomain=jp,he,https://scholar.google.co.jp/citations?user=SPirINoAAAAJ,16,Yoshinobu Igarashi,https://www.linkedin.com/in/yoshinobu-igarashi-75137a26/?originalSubdomain=jp,he,,0,Kenji Mizuguchi,https://mizuguchilab.org/,he,https://scholar.google.com/citations?user=jLBkCfsAAAAJ,45,,80d43a12-986d-4ecf-890f-03802145f51f,
63b44d89a824641f5d870482,sort_P001,91,user03,Eenjun Hwang,https://koreauniv.pure.elsevier.com/en/persons/een-jun-hwang,he,https://scholar.google.co.kr/citations?user=RL8O8rgAAAAJ,28	,Byeong-jun Han,https://www.linkedin.com/in/byeong-jun-han-0151703a/,he,,0,Seungmin Rho,https://sites.google.com/view/seungminrho,he,https://scholar.google.co.kr/citations?user=k5aAQxUAAAAJ,43,,46546bd3-fd36-4d5a-a369-22a399394654,
63b44e31a824641f5d870486,sort_P001,92,user03,Qun Jin,http://www.f.waseda.jp/jin/,he,https://scholar.google.com/citations?user=6viv2j0AAAAJ,29	,,,,,,,,,,,,506ca8bc-9ec6-4f03-b29c-384778fed7f6,
63b45148a824641f5d87048a,sort_P001,93,user03,Nikola Banovic,http://www.nikolabanovic.net/,he,https://scholar.google.com/citations?user=8SCyF8AAAAAJ,14	,Enhao Zhang,https://zhang-eh.github.io/,he,https://scholar.google.com/citations?user=ja7pDpYAAAAJ,2	,,,,,,,73fd5cb1-4910-4b50-b282-233b48362c2e,
63b4514ea824641f5d87048e,sort_P001,94,user03,,,,,,,,,,,,,,,,,db48516b-db17-434e-888b-7a6900547f85,NO.REL.ENTITY
63b4515da824641f5d870492,sort_P001,95,user03,,,,,,,,,,,,,,,,,22ef8712-e8c0-47c9-8365-bf133d5f35a9,NO.REL.ENTITY
63b4516da824641f5d870496,sort_P001,96,user03,,,,,,,,,,,,,,,,,d9ce14ae-e0bf-4190-9e62-aaf0b8880566,NO.REL.ENTITY
63b4524ba824641f5d87049a,sort_P001,97,user03,Cathal Gurrin,https://www.computing.dcu.ie/~cgurrin/,he,https://scholar.google.com/citations?user=NSm2hJMAAAAJ,38,Noel Murphy,https://www.dcu.ie/electronics/people/noel-murphy,he,https://scholar.google.com/citations?user=wy-kic8AAAAJ,25,Hyowon Lee,https://hyowonlee.com/,he,https://scholar.google.com/citations?user=x6XPlvcAAAAJ,14	,,d98b4dc6-fd16-463b-8333-09e967fba6ca,
63b452b4a824641f5d87049e,sort_P001,98,user03,,,,,,,,,,,,,,,,"The author is a scholar, but not a scholar in IR",c5afcbdc-d14d-4a64-b668-250ac976afbd,NO.REL.ENTITY
63b452f0a824641f5d8704a2,sort_P001,99,user03,,,,,,,,,,,,,,,,No information,90ff8403-98f2-4d46-bea6-0d011a4659c4,NO.REL.ENTITY
63b4533fa824641f5d8704a6,sort_P001,100,user03,,,,,,,,,,,,,,,,,e800724e-e8bc-46fa-8b6f-f8bb59d41a7e,NO.REL.ENTITY
63b45565a824641f5d8704aa,sort_P001,101,user03,Robin Aly,https://www.linkedin.com/in/robinaly/,he,https://scholar.google.com/citations?user=wL5km8kAAAAJ,15	,Maria Eskevich,https://www.clarin.eu/person/maria-eskevich,she,https://scholar.google.com/citations?user=D-6y8mYAAAAJ,16	,Shu Chen,https://www.linkedin.com/in/shuchenie/,he,https://scholar.google.co.za/citations?user=NdyAmbkAAAAJ,8	,,de0f88b2-fd9f-49ea-abd9-71076ea477fc,
63b4558ea824641f5d8704ae,sort_P001,102,user03,Takehiro Yamamoto,https://rerank-lab.org/,he,https://scholar.google.com/citations?user=8ZDsbX8AAAAJ,16	,,,,,,,,,,,,15b917dc-57f7-4bef-9e3c-8c0438d4f9e2,
63b4589aa824641f5d8704b2,sort_P001,103,user03,Birger Hjørland,https://comm.ku.dk/staff/?pure=en/persons/134,he,https://scholar.google.dk/citations?user=cUGujTwAAAAJ,50	,Brenda Dervin,https://en.wikipedia.org/wiki/Brenda_Dervin,she,https://scholar.google.com/citations?user=ORFiUwQAAAAJ,55	,Carol Kuhlthau,https://comminfo.rutgers.edu/kuhlthau-carol-c,she,,0,,a07626e2-5dbd-41b7-ba07-96d3e4e9271b,
63b458b6a824641f5d8704b6,sort_P001,104,user03,,,,,,,,,,,,,,,,,94c91e8c-f4c9-47f1-a10f-320915a6ece0,NO.REL.ENTITY
63b45aaca824641f5d8704ba,sort_P001,105,user03,,,,,,,,,,,,,,,,,6b05ef15-f9cf-4bb9-bb27-be2eb18fc006,NO.REL.ENTITY
63b45d26a824641f5d8704be,sort_P001,106,user03,Yong-Jin Liu,https://cg.cs.tsinghua.edu.cn/people/~Yongjin/Yongjin.htm,he,https://scholar.google.com/citations?user=GNDtwWQAAAAJ,39	,Cuixia Ma,https://people.ucas.ac.cn/~cuixiama?language=en,she,,0,Yu-Kun Lai,https://users.cs.cf.ac.uk/Yukun.Lai/,he,https://scholar.google.com/citations?user=0i-Nzv0AAAAJ,44	,,dc1fb062-aea1-4750-8edb-8686a5105e11,
63b45e2ea824641f5d8704c2,sort_P001,107,user03,Deepak Padmanabhan,https://pure.qub.ac.uk/en/persons/deepak-padmanabhan,he,https://scholar.google.com/citations?user=YC60F-YAAAAJ,21	,Tanmoy Chakraborty,https://tanmoychak.com/,he,https://scholar.google.co.in/citations?user=C5S9JnIAAAAJ,31,Cheng Long,https://personal.ntu.edu.sg/c.long/,he,https://scholar.google.com.hk/citations?user=LybJ7ksAAAAJ,20	,,7b2f187d-8a9a-475f-9bc7-1b45d7ca2aaf,
