_id,topicid,docid,usrid,movie_name1,imdb_url1,num_reviews1,country1,movie_name2,imdb_url2,num_reviews2,country2,movie_name3,imdb_url3,num_reviews3,country3,comments,document_id,noentity
63a405efa824643b7283a461,sort_P002,1,user01,No Time to Die,https://www.imdb.com/title/tt2382320/,399K,"    United Kingdom,United States",Skyfall,https://www.imdb.com/title/tt1074638/,698K,"    United Kingdom,United States",,,,,,9143af85-549a-47ca-a906-020a71399b44,
63a4fe6ba824643b7283a471,sort_P002,2,user01,Casino Royale,https://www.imdb.com/title/tt0061452/,31K,"    United Kingdom,United States",,,,,,,,,,f4b565f2-4064-4c56-af16-9b870624d109,
63a4fee7a824643b7283a475,sort_P002,3,user01,No Time to Die,https://www.imdb.com/title/tt2382320/,399K,"    United Kingdom,United States",,,,,,,,,,b99c0839-a83d-4324-9f56-407d8cdb585a,
63a7fdc9a824641f5d86fdd9,sort_P002,4,user01,,,,,,,,,,,,,,a94388d4-d430-44e4-a128-e7bb2e21c290,NO.REL.ENTITY
63a7fde8a824641f5d86fddd,sort_P002,5,user01,,,,,,,,,,,,,multitopic,e7c371e6-c74b-4237-9bab-2be447873257,NO.REL.ENTITY
63a7fdf8a824641f5d86fde1,sort_P002,6,user01,,,,,,,,,,,,,,8409232f-4b5f-4b58-8040-cd0e7d7ea697,NO.REL.ENTITY
63a80524a824641f5d86fde6,sort_P002,7,user01,Spectre,https://www.imdb.com/title/tt2379713/,442K,"United Kingdom,United States",Casino Royale,https://www.imdb.com/title/tt0061452/,31K,"United Kingdom,United States",Skyfall,https://www.imdb.com/title/tt1074638/,699K,"United Kingdom,United States,Turkey",,712486c7-80e5-4682-b69b-07af678353fb,
63a80845a824641f5d86fdea,sort_P002,8,user01,No Time To Die,https://www.imdb.com/title/tt2382320/,400K,"United Kingdom,United States",Skyfall,https://www.imdb.com/title/tt1074638/,699K,"United Kingdom,United States,Turkey",Spectre,https://www.imdb.com/title/tt2379713/,442K,"United Kingdom,United States",multitopic so can be treaed as nonrelevant,a64514b4-9d9e-4766-ac06-5b4a3f88a300,
63a80889a824641f5d86fdee,sort_P002,9,user01,No Time To Die,https://www.imdb.com/title/tt2382320/,400K,"United Kingdom,United States",,,,,,,,,mutitopic but about JB,623ca71f-482d-4463-9c9e-bed03e8a6008,
63a808c2a824641f5d86fdf2,sort_P002,10,user01,No Time To Die,https://www.imdb.com/title/tt2382320/,400K,"United Kingdom,United States",,,,,,,,,multitopic but about JB,1c39ab00-56f4-42a0-9dac-67899d5bb6bc,
63a80964a824641f5d86fdf6,sort_P002,11,user01,No Time To Die,https://www.imdb.com/title/tt2382320/,400K,"United Kingdom,United States",Skyfall,https://www.imdb.com/title/tt1074638/,699K,"United Kingdom,United States,Turkey",Casino Royale,https://www.imdb.com/title/tt0061452/,31K,"United Kingdom,United States",,5ea318e3-cda5-4d26-98b5-e8916d26d9dc,
63a809a4a824641f5d86fdfa,sort_P002,12,user01,,,,,,,,,,,,,This doc is not about JB though JB movies are mentioned in the links,678bb367-5aab-4428-a047-53963f02463f,NO.REL.ENTITY
63a809eba824641f5d86fdfe,sort_P002,13,user01,,,,,,,,,,,,,"only ""related links""",723918aa-8f32-4b45-84dc-1457f14a1121,NO.REL.ENTITY
63a809fda824641f5d86fe02,sort_P002,14,user01,,,,,,,,,,,,,"only ""related links""",8693b1e5-ccb1-4a94-ba31-11fc09fc6a4b,NO.REL.ENTITY
63a80a38a824641f5d86fe06,sort_P002,15,user01,No Time To Die,https://www.imdb.com/title/tt2382320/,400K,"United Kingdom,United States",,,,,,,,,,560034d9-323f-4277-9618-46baa601b9e5,
63a80a7fa824641f5d86fe0a,sort_P002,16,user01,No Time To Die,https://www.imdb.com/title/tt2382320/,400K,"United Kingdom,United States",,,,,,,,,related links contain other Bond films,69964e87-9bfc-492e-8a88-dcb8c459880e,
63a80aa1a824641f5d86fe0e,sort_P002,17,user01,,,,,,,,,,,,,only in related links,b86653e0-171e-48c1-a67e-9dabfb7b230c,NO.REL.ENTITY
63a80afca824641f5d86fe12,sort_P002,18,user01,No Time To Die,https://www.imdb.com/title/tt2382320/,400K,"United Kingdom,United States",,,,,,,,,,c82d7bb6-4daf-40db-b9c0-97aadc023a78,
63a80b4ea824641f5d86fe16,sort_P002,19,user01,Spectre,https://www.imdb.com/title/tt2379713/,442K,"United Kingdom,United States",,,,,,,,,,a14f0f43-09c0-4e0a-a4eb-372e032d210c,
63a80b61a824641f5d86fe1a,sort_P002,20,user01,,,,,,,,,,,,,,68dc3f2e-3d0f-40ad-b299-e7347d59c2ef,NO.REL.ENTITY
63a80b74a824641f5d86fe1e,sort_P002,21,user01,,,,,,,,,,,,,,99752c2e-ab72-498e-a651-ebe90d208cb4,NO.REL.ENTITY
63a80befa824641f5d86fe22,sort_P002,22,user01,No Time To Die,https://www.imdb.com/title/tt2382320/,400K,"United Kingdom,United States",Skyfall,https://www.imdb.com/title/tt1074638/,699K,"United Kingdom,United States,Turkey",,,,,,c80abebb-3a2c-4385-a5e5-15444673a01a,
63a80c0aa824641f5d86fe26,sort_P002,23,user01,,,,,,,,,,,,,,795551b4-2c31-4351-bcf2-24222ad31861,NO.REL.ENTITY
63a80c3ba824641f5d86fe2a,sort_P002,24,user01,,,,,,,,,,,,,"""pre-order SPRECTRE"" in *footer*",0338665d-17f6-4718-b5de-925d7a0a8c45,NO.REL.ENTITY
63a80c54a824641f5d86fe2e,sort_P002,25,user01,,,,,,,,,,,,,,96ba6c24-bf44-4d01-9281-5846049a5eac,NO.REL.ENTITY
63a80ca1a824641f5d86fe32,sort_P002,26,user01,Spectre,https://www.imdb.com/title/tt2379713/,442K,"United Kingdom,United States",,,,,,,,,"main text ""archive: bond style"" may be too multitopic...",135c4a65-21fd-4cad-93eb-534ec1ba4232,
63a80cf7a824641f5d86fe36,sort_P002,27,user01,,,,,,,,,,,,,"The guy in the ""Daniel Craig"" photo isn't Daniel Craig!",24f75b0f-96a5-497f-b1bc-84118d94e058,NO.REL.ENTITY
63a80d0ca824641f5d86fe3a,sort_P002,28,user01,,,,,,,,,,,,,"""site news"" too multitopic",ece85acd-2ee6-4e32-8d58-d8616c6b814b,NO.REL.ENTITY
63a80d18a824641f5d86fe3e,sort_P002,29,user01,,,,,,,,,,,,,,30b404dd-b212-439c-af5f-ffa3449c5cd6,NO.REL.ENTITY
63a80d4ea824641f5d86fe42,sort_P002,30,user01,Skyfall,https://www.imdb.com/title/tt1074638/,699K,"United Kingdom,United States,Turkey",,,,,,,,,,45c977f7-9e22-4189-9bc9-d7ef7aa6fca0,
63a80d7fa824641f5d86fe46,sort_P002,31,user01,Skyfall,https://www.imdb.com/title/tt1074638/,699K,"United Kingdom,United States,Turkey",,,,,,,,,,86a2aba6-62ff-442f-b1af-507319f0aad3,
63a80e51a824641f5d86fe4a,sort_P002,32,user01,,,,,,,,,,,,,SPAM (contains relevant movie titles),007ac04d-29ca-46a6-8293-226ea2bc3390,NO.REL.ENTITY
63a80e73a824641f5d86fe4e,sort_P002,33,user01,Casino Royale,https://www.imdb.com/title/tt0061452/,31K,"United Kingdom,United States",,,,,,,,,,8a9bc5b8-a60e-4a82-bff1-ab99df2edbc1,
63a80f98a824641f5d86fe52,sort_P002,34,user01,Casino Royale,https://www.imdb.com/title/tt0061452/,31K,"United Kingdom,United States",No Time To Die,https://www.imdb.com/title/tt2382320/,400K,"United Kingdom,United States",Skyfall,https://www.imdb.com/title/tt1074638/,699K,"United Kingdom,United States,Turkey",,f029dd4f-0b8e-4122-a911-c9857410867d,
63a956b5a824641f5d86feee,sort_P002,35,user01,Casino Royale,https://www.imdb.com/title/tt0061452/,31K,"United Kingdom,United States",Quantum of Solace,https://www.imdb.com/title/tt0830515/,451K,"United Kingdom,United States",,,,,,695ec4bd-e014-4871-9d56-9c9c307ec0ba,
63a9575ca824641f5d86fef2,sort_P002,36,user01,Casino Royale,https://www.imdb.com/title/tt0061452/,31K,"United Kingdom,United States",Skyfall,https://www.imdb.com/title/tt1074638/,699K,"United Kingdom,United States,Turkey",,,,,,88b3d306-516c-4377-baf8-562f96105211,
63a957dfa824641f5d86fef6,sort_P002,37,user01,Spectre,https://www.imdb.com/title/tt2379713/,442K,"United Kingdom,United States",Skyfall,https://www.imdb.com/title/tt1074638/,699K,"United Kingdom,United States,Turkey",,,,,,fb557d70-ca63-48c3-9bec-bc544c5b2174,
63a95812a824641f5d86fefa,sort_P002,38,user01,No Time To Die,https://www.imdb.com/title/tt2382320/,400K,"United Kingdom,United States",,,,,,,,,,c1bff37d-c273-4a55-8542-e2e369fde58d,
63a95835a824641f5d86fefe,sort_P002,39,user01,Quantum of Solace,https://www.imdb.com/title/tt0830515/,451K,"United Kingdom,United States",,,,,,,,,,442b3c57-b7b0-486d-ad81-f6245c260ad6,
63a95881a824641f5d86ff02,sort_P002,40,user01,No Time To Die,https://www.imdb.com/title/tt2382320/,400K,"United Kingdom,United States",Spectre,https://www.imdb.com/title/tt2379713/,442K,"United Kingdom,United States",,,,,,bef36ce0-fde4-49d4-9b23-8ed2ce7bf95b,
63a958d6a824641f5d86ff06,sort_P002,41,user01,,,,,,,,,,,,,,40872c14-eaab-4582-a162-6bb7a458a8e8,NO.REL.ENTITY
63a958f4a824641f5d86ff0a,sort_P002,42,user01,Casino Royale,https://www.imdb.com/title/tt0061452/,31K,"United Kingdom,United States",,,,,,,,,,e08fcdd4-da24-490a-873f-444f73b92ab7,
63a95901a824641f5d86ff0e,sort_P002,43,user01,,,,,,,,,,,,,,ddd6a5c5-f84b-4461-9db4-4849f0cfdb0f,NO.REL.ENTITY
63a95b90a824641f5d86ff12,sort_P002,44,user01,,,,,,,,,,,,,"spam, not all English",6fe356a9-5647-44d0-899b-2dc4b6da00c5,NO.REL.ENTITY
63a95ba7a824641f5d86ff16,sort_P002,45,user01,,,,,,,,,,,,,,d81988e8-6d14-4afd-962b-3036322d172c,NO.REL.ENTITY
63a95bbda824641f5d86ff1a,sort_P002,46,user01,,,,,,,,,,,,,,7611d8c7-c4ff-4c66-a331-3db56c40bf9f,NO.REL.ENTITY
63a95bd1a824641f5d86ff1e,sort_P002,47,user01,,,,,,,,,,,,,"spam, not all English",792814b8-d48c-4a80-ad70-9f79a6d25b28,NO.REL.ENTITY
63a95c0da824641f5d86ff22,sort_P002,48,user01,Skyfall,https://www.imdb.com/title/tt1074638/,699K,"United Kingdom,United States,Turkey",Spectre,https://www.imdb.com/title/tt2379713/,442K,"United Kingdom,United States",,,,,,93d5a118-dbab-469e-815d-9156c0fb7ea5,
63a95c8ea824641f5d86ff26,sort_P002,49,user01,Skyfall,https://www.imdb.com/title/tt1074638/,699K,"United Kingdom,United States,Turkey",Spectre,https://www.imdb.com/title/tt2379713/,442K,"United Kingdom,United States",Casino Royale,https://www.imdb.com/title/tt0061452/,31K,"United Kingdom,United States",,b200f308-843b-4e3e-8286-d6041385fd30,
63a95d70a824641f5d86ff2a,sort_P002,50,user01,Spectre,https://www.imdb.com/title/tt2379713/,442K,"United Kingdom,United States",,,,,,,,,,9c642f9c-ee3f-4b94-ac50-cd9a915dc4e1,
63a95db2a824641f5d86ff2e,sort_P002,51,user01,,,,,,,,,,,,,"""Spectrum"" is not the correct movie title...",1d4b693c-5178-4a60-ac8e-8827e3edc7b7,NO.REL.ENTITY
63a95dc7a824641f5d86ff32,sort_P002,52,user01,,,,,,,,,,,,,,421f94d5-f3ee-44b5-8dbc-a56214d070fb,NO.REL.ENTITY
63a95df6a824641f5d86ff36,sort_P002,53,user01,No Time To Die,https://www.imdb.com/title/tt2382320/,400K,"United Kingdom,United States",,,,,,,,,,f77e1e8b-adf1-4265-a66c-ad95af80088d,
63a95e44a824641f5d86ff3a,sort_P002,54,user01,Skyfall,https://www.imdb.com/title/tt1074638/,699K,"United Kingdom,United States,Turkey",Spectre,https://www.imdb.com/title/tt2379713/,442K,"United Kingdom,United States",,,,,,a01d75fb-bab3-44de-a27e-0ae83cf58dac,
63a95e6fa824641f5d86ff3e,sort_P002,55,user01,,,,,,,,,,,,,"""also check out"" mentiond No Time To Die",0242d7e1-d459-4b97-a656-9fa18b923d15,NO.REL.ENTITY
63a95e92a824641f5d86ff42,sort_P002,56,user01,,,,,,,,,,,,,#skyfall hashtag only ,bbbaea89-8672-4d07-bd24-39611eb3a835,NO.REL.ENTITY
63a95eb9a824641f5d86ff46,sort_P002,57,user01,Quantum of Solace,https://www.imdb.com/title/tt0830515/,451K,"United Kingdom,United States",,,,,,,,,,6bdbfaef-1b6b-4501-9b1b-325a45f2fe04,
63a95eeea824641f5d86ff4a,sort_P002,58,user01,Skyfall,https://www.imdb.com/title/tt1074638/,699K,"United Kingdom,United States,Turkey",Spectre,https://www.imdb.com/title/tt2379713/,442K,"United Kingdom,United States",,,,,,6acebe01-c518-4daa-b3ad-204339945c6d,
63a95f2ea824641f5d86ff4e,sort_P002,59,user01,Casino Royale,https://www.imdb.com/title/tt0061452/,31K,"United Kingdom,United States",,,,,,,,,,251b3bdf-4ba5-457e-8740-52f851910952,
63a95f4fa824641f5d86ff52,sort_P002,60,user01,Quantum of Solace,https://www.imdb.com/title/tt0830515/,451K,"United Kingdom,United States",,,,,,,,,,4b5b3ac0-fb1d-4309-a93a-c3b4c43f6f17,
63a95f98a824641f5d86ff56,sort_P002,61,user01,Skyfall,https://www.imdb.com/title/tt1074638/,699K,"United Kingdom,United States,Turkey",Spectre,https://www.imdb.com/title/tt2379713/,442K,"United Kingdom,United States",,,,,,76c9321b-de92-4dfa-8b92-39cd11948fc8,
63a96005a824641f5d86ff5e,sort_P002,63,user01,,,,,,,,,,,,,,38580cdd-1d50-41e1-b555-6ba09eac8307,NO.REL.ENTITY
63a9602aa824641f5d86ff62,sort_P002,64,user01,,,,,,,,,,,,,too multitopic...,cec8be13-ab1b-47e0-bcc1-b562283daf18,NO.REL.ENTITY
63a96052a824641f5d86ff68,sort_P002,62,user01,,,,,,,,,,,,,too multitopic...,6713ffd7-daa5-4426-812c-2507f7d00f69,NO.REL.ENTITY
63a9605ea824641f5d86ff6d,sort_P002,65,user01,,,,,,,,,,,,,old JB,79bc6536-4193-4d48-8e13-ace727e6b4b0,NO.REL.ENTITY
63a96088a824641f5d86ff71,sort_P002,66,user01,Skyfall,https://www.imdb.com/title/tt1074638/,699K,"United Kingdom,United States,Turkey",,,,,,,,,,a55830eb-34a0-4b21-b682-0508ab7167df,
63a9609ba824641f5d86ff75,sort_P002,67,user01,,,,,,,,,,,,,spam not all English,fcd5baec-da9b-4c3c-97bf-e0118f8785ec,NO.REL.ENTITY
63a960a0a824641f5d86ff79,sort_P002,68,user01,,,,,,,,,,,,,,310a81ae-965d-48c0-afc6-eff0f5eff85a,NO.REL.ENTITY
63a960bca824641f5d86ff7d,sort_P002,69,user01,,,,,,,,,,,,,film names not mentioned,c21f7560-e0d8-46ea-8645-2567f306a61a,NO.REL.ENTITY
63a960c9a824641f5d86ff81,sort_P002,70,user01,,,,,,,,,,,,,multitopic,a05905bb-c3f2-492d-8484-76cca9da0ea3,NO.REL.ENTITY
63a960d5a824641f5d86ff85,sort_P002,71,user01,,,,,,,,,,,,,multitopic,bc746ff4-6f6b-42b6-8672-ab6bd036c2ca,NO.REL.ENTITY
63a9617fa824641f5d86ff92,sort_P002,72,user01,Skyfall,https://www.imdb.com/title/tt1074638/,699K,"United Kingdom,United States,Turkey",Casino Royale,https://www.imdb.com/title/tt0061452/,31K,"United Kingdom,United States",Quantum of Solace,https://www.imdb.com/title/tt0830515/,451K,"United Kingdom,United States","""If you replace SKYFALL with CASINO ROYALE we'd be the same. Anyway, SF would be my number two choice.""",2070b1bb-61d4-4ec4-a16a-09730160b351,
63be72f2a824641f5d870735,sort_P002,4,user04,,,,,,,,,,,,,,a94388d4-d430-44e4-a128-e7bb2e21c290,NO.REL.ENTITY
63be7345a824641f5d870740,sort_P002,5,user04,,,,,,,,,,,,,,e7c371e6-c74b-4237-9bab-2be447873257,NO.REL.ENTITY
63be7382a824641f5d87074a,sort_P002,7,user04,,,,,,,,,,,,,,712486c7-80e5-4682-b69b-07af678353fb,NO.REL.ENTITY
63be74a6a824641f5d870752,sort_P002,9,user04,,,,,,,,,,,,,vinyl models,623ca71f-482d-4463-9c9e-bed03e8a6008,NO.REL.ENTITY
63be74b5a824641f5d870756,sort_P002,10,user04,,,,,,,,,,,,,,1c39ab00-56f4-42a0-9dac-67899d5bb6bc,NO.REL.ENTITY
63be75b5a824641f5d87075a,sort_P002,11,user04,Skyfall,https://www.imdb.com/title/tt1074638/,700614,"United Kingdom,United States,Turkey",,,,,,,,,,5ea318e3-cda5-4d26-98b5-e8916d26d9dc,
63be75d3a824641f5d87075e,sort_P002,12,user04,,,,,,,,,,,,,,678bb367-5aab-4428-a047-53963f02463f,NO.REL.ENTITY
63be7642a824641f5d870762,sort_P002,13,user04,,,,,,,,,,,,,,723918aa-8f32-4b45-84dc-1457f14a1121,NO.REL.ENTITY
63be765aa824641f5d870766,sort_P002,14,user04,,,,,,,,,,,,,,8693b1e5-ccb1-4a94-ba31-11fc09fc6a4b,NO.REL.ENTITY
63be7676a824641f5d87076a,sort_P002,15,user04,,,,,,,,,,,,,,560034d9-323f-4277-9618-46baa601b9e5,NO.REL.ENTITY
63be782ba824641f5d87076e,sort_P002,16,user04,,,,,,,,,,,,,,69964e87-9bfc-492e-8a88-dcb8c459880e,NO.REL.ENTITY
63be783ba824641f5d870772,sort_P002,17,user04,,,,,,,,,,,,,,b86653e0-171e-48c1-a67e-9dabfb7b230c,NO.REL.ENTITY
63be78cca824641f5d870776,sort_P002,18,user04,,,,,,,,,,,,,,c82d7bb6-4daf-40db-b9c0-97aadc023a78,NO.REL.ENTITY
63be78dda824641f5d87077a,sort_P002,19,user04,,,,,,,,,,,,,,a14f0f43-09c0-4e0a-a4eb-372e032d210c,NO.REL.ENTITY
63be78f5a824641f5d87077e,sort_P002,20,user04,,,,,,,,,,,,,,68dc3f2e-3d0f-40ad-b299-e7347d59c2ef,NO.REL.ENTITY
63be7904a824641f5d870782,sort_P002,21,user04,,,,,,,,,,,,,,99752c2e-ab72-498e-a651-ebe90d208cb4,NO.REL.ENTITY
63be7912a824641f5d870786,sort_P002,22,user04,,,,,,,,,,,,,,c80abebb-3a2c-4385-a5e5-15444673a01a,NO.REL.ENTITY
63be79a6a824641f5d87078a,sort_P002,23,user04,,,,,,,,,,,,,,795551b4-2c31-4351-bcf2-24222ad31861,NO.REL.ENTITY
63be79bea824641f5d87078e,sort_P002,24,user04,,,,,,,,,,,,,,0338665d-17f6-4718-b5de-925d7a0a8c45,NO.REL.ENTITY
63be79e4a824641f5d870792,sort_P002,25,user04,,,,,,,,,,,,,,96ba6c24-bf44-4d01-9281-5846049a5eac,NO.REL.ENTITY
63be79f1a824641f5d870796,sort_P002,26,user04,,,,,,,,,,,,,,135c4a65-21fd-4cad-93eb-534ec1ba4232,NO.REL.ENTITY
63be7a2da824641f5d87079e,sort_P002,28,user04,,,,,,,,,,,,,,ece85acd-2ee6-4e32-8d58-d8616c6b814b,NO.REL.ENTITY
63be8029a824641f5d870862,sort_P002,1,user04,,,,,,,,,,,,,"No Time to Die, trailer and pics",9143af85-549a-47ca-a906-020a71399b44,NO.REL.ENTITY
63be8056a824641f5d870869,sort_P002,3,user04,,,,,,,,,,,,,SERP,b99c0839-a83d-4324-9f56-407d8cdb585a,NO.REL.ENTITY
63be806ca824641f5d87086f,sort_P002,6,user04,,,,,,,,,,,,,SERP,8409232f-4b5f-4b58-8040-cd0e7d7ea697,NO.REL.ENTITY
63be80c8a824641f5d870876,sort_P002,8,user04,,,,,,,,,,,,,no time to die black community,a64514b4-9d9e-4766-ac06-5b4a3f88a300,NO.REL.ENTITY
63be8138a824641f5d870883,sort_P002,2,user04,Casino Royale,https://www.imdb.com/title/tt0381061/,661194,"United Kingdom,Czech Republic,United States,Germany,Bahamas",,,,,,,,,,f4b565f2-4064-4c56-af16-9b870624d109,
63be81e4a824641f5d8708a3,sort_P002,27,user04,,,,,,,,,,,,,Bassey,24f75b0f-96a5-497f-b1bc-84118d94e058,NO.REL.ENTITY
63be837fa824641f5d8708df,sort_P002,48,user04,,,,,,,,,,,,,"peekyou, skyfall, spectre",93d5a118-dbab-469e-815d-9156c0fb7ea5,NO.REL.ENTITY
63be7a8ca824641f5d8707a2,sort_P002,29,user04,,,,,,,,,,,,,,30b404dd-b212-439c-af5f-ffa3449c5cd6,NO.REL.ENTITY
63be7c3fa824641f5d8707c4,sort_P002,37,user04,,,,,,,,,,,,,,fb557d70-ca63-48c3-9bec-bc544c5b2174,NO.REL.ENTITY
63be7c6da824641f5d8707cc,sort_P002,39,user04,,,,,,,,,,,,,,442b3c57-b7b0-486d-ad81-f6245c260ad6,NO.REL.ENTITY
63be7cbba824641f5d8707d8,sort_P002,42,user04,,,,,,,,,,,,,,e08fcdd4-da24-490a-873f-444f73b92ab7,NO.REL.ENTITY
63be7cd7a824641f5d8707e0,sort_P002,44,user04,,,,,,,,,,,,,,6fe356a9-5647-44d0-899b-2dc4b6da00c5,NO.REL.ENTITY
63be7cf9a824641f5d8707e8,sort_P002,46,user04,,,,,,,,,,,,,,7611d8c7-c4ff-4c66-a331-3db56c40bf9f,NO.REL.ENTITY
63be7d05a824641f5d8707ec,sort_P002,47,user04,,,,,,,,,,,,,,792814b8-d48c-4a80-ad70-9f79a6d25b28,NO.REL.ENTITY
63be7d4ba824641f5d8707f9,sort_P002,49,user04,,,,,,,,,,,,,wallpapers,b200f308-843b-4e3e-8286-d6041385fd30,NO.REL.ENTITY
63be7da6a824641f5d870805,sort_P002,52,user04,,,,,,,,,,,,,,421f94d5-f3ee-44b5-8dbc-a56214d070fb,NO.REL.ENTITY
63be7e01a824641f5d870811,sort_P002,55,user04,,,,,,,,,,,,,,0242d7e1-d459-4b97-a656-9fa18b923d15,NO.REL.ENTITY
63be7e10a824641f5d870815,sort_P002,56,user04,,,,,,,,,,,,,gif,bbbaea89-8672-4d07-bd24-39611eb3a835,NO.REL.ENTITY
63be7e33a824641f5d870819,sort_P002,57,user04,,,,,,,,,,,,,,6bdbfaef-1b6b-4501-9b1b-325a45f2fe04,NO.REL.ENTITY
63be7e70a824641f5d87081d,sort_P002,58,user04,,,,,,,,,,,,,peekyou,6acebe01-c518-4daa-b3ad-204339945c6d,NO.REL.ENTITY
63be7ea7a824641f5d870821,sort_P002,59,user04,,,,,,,,,,,,,casino royale inverviews,251b3bdf-4ba5-457e-8740-52f851910952,NO.REL.ENTITY
63be7f1fa824641f5d870833,sort_P002,62,user04,,,,,,,,,,,,,,6713ffd7-daa5-4426-812c-2507f7d00f69,NO.REL.ENTITY
63be7f2da824641f5d870837,sort_P002,63,user04,,,,,,,,,,,,,,38580cdd-1d50-41e1-b555-6ba09eac8307,NO.REL.ENTITY
63be7f3ba824641f5d87083b,sort_P002,64,user04,,,,,,,,,,,,,,cec8be13-ab1b-47e0-bcc1-b562283daf18,NO.REL.ENTITY
63be7f41a824641f5d87083f,sort_P002,65,user04,,,,,,,,,,,,,,79bc6536-4193-4d48-8e13-ace727e6b4b0,NO.REL.ENTITY
63be7f62a824641f5d87084b,sort_P002,68,user04,,,,,,,,,,,,,,310a81ae-965d-48c0-afc6-eff0f5eff85a,NO.REL.ENTITY
63be7f78a824641f5d87084f,sort_P002,69,user04,,,,,,,,,,,,,,c21f7560-e0d8-46ea-8645-2567f306a61a,NO.REL.ENTITY
63be7f84a824641f5d870853,sort_P002,70,user04,,,,,,,,,,,,,,a05905bb-c3f2-492d-8484-76cca9da0ea3,NO.REL.ENTITY
63be7f8aa824641f5d870857,sort_P002,71,user04,,,,,,,,,,,,,,bc746ff4-6f6b-42b6-8672-ab6bd036c2ca,NO.REL.ENTITY
63be7f98a824641f5d87085e,sort_P002,72,user04,,,,,,,,,,,,,,2070b1bb-61d4-4ec4-a16a-09730160b351,NO.REL.ENTITY
63be8206a824641f5d8708a9,sort_P002,30,user04,,,,,,,,,,,,,Images,45c977f7-9e22-4189-9bc9-d7ef7aa6fca0,NO.REL.ENTITY
63be820ea824641f5d8708ad,sort_P002,31,user04,,,,,,,,,,,,,,86a2aba6-62ff-442f-b1af-507319f0aad3,NO.REL.ENTITY
63be821da824641f5d8708b1,sort_P002,32,user04,,,,,,,,,,,,,like spam,007ac04d-29ca-46a6-8293-226ea2bc3390,NO.REL.ENTITY
63be824aa824641f5d8708b5,sort_P002,33,user04,Casino Royale,https://www.imdb.com/title/tt0381061/,661194,"United Kingdom,Czech Republic,United States,Germany,Bahamas",,,,,,,,,"photo collection, Casino Royale",8a9bc5b8-a60e-4a82-bff1-ab99df2edbc1,
63be827ea824641f5d8708b9,sort_P002,34,user04,,,,,,,,,,,,,Aston Martin,f029dd4f-0b8e-4122-a911-c9857410867d,NO.REL.ENTITY
63be828aa824641f5d8708bd,sort_P002,35,user04,,,,,,,,,,,,,Aston Martin,695ec4bd-e014-4871-9d56-9c9c307ec0ba,NO.REL.ENTITY
63be82a9a824641f5d8708c1,sort_P002,36,user04,,,,,,,,,,,,,Daniel Craig,88b3d306-516c-4377-baf8-562f96105211,NO.REL.ENTITY
63be82cca824641f5d8708c6,sort_P002,38,user04,,,,,,,,,,,,,"No Time to Die, like spam",c1bff37d-c273-4a55-8542-e2e369fde58d,NO.REL.ENTITY
63be82fda824641f5d8708cb,sort_P002,40,user04,,,,,,,,,,,,,"trailer, no time to die",bef36ce0-fde4-49d4-9b23-8ed2ce7bf95b,NO.REL.ENTITY
63be8312a824641f5d8708cf,sort_P002,41,user04,,,,,,,,,,,,,museum?,40872c14-eaab-4582-a162-6bb7a458a8e8,NO.REL.ENTITY
63be832ea824641f5d8708d4,sort_P002,43,user04,,,,,,,,,,,,,The Spy Who Loved Me,ddd6a5c5-f84b-4461-9db4-4849f0cfdb0f,NO.REL.ENTITY
63be8343a824641f5d8708d9,sort_P002,45,user04,,,,,,,,,,,,, 'Moonraker',d81988e8-6d14-4afd-962b-3036322d172c,NO.REL.ENTITY
63be83ada824641f5d8708e4,sort_P002,50,user04,,,,,,,,,,,,,spectre spoilers,9c642f9c-ee3f-4b94-ac50-cd9a915dc4e1,NO.REL.ENTITY
63be83caa824641f5d8708ed,sort_P002,51,user04,,,,,,,,,,,,,Daniel Craig,1d4b693c-5178-4a60-ac8e-8827e3edc7b7,NO.REL.ENTITY
63be83d9a824641f5d8708f2,sort_P002,53,user04,,,,,,,,,,,,,SERP,f77e1e8b-adf1-4265-a66c-ad95af80088d,NO.REL.ENTITY
63be83f6a824641f5d8708f6,sort_P002,54,user04,,,,,,,,,,,,,"peek you, skyfall, spectre",a01d75fb-bab3-44de-a27e-0ae83cf58dac,NO.REL.ENTITY
63be8428a824641f5d8708ff,sort_P002,60,user04,Quantum of Solace,https://www.imdb.com/title/tt0830515/,451906,"United Kingdom,United States",,,,,,,,,trailer+short description,4b5b3ac0-fb1d-4309-a93a-c3b4c43f6f17,
63be8445a824641f5d870903,sort_P002,61,user04,,,,,,,,,,,,,links,76c9321b-de92-4dfa-8b92-39cd11948fc8,NO.REL.ENTITY
63be8480a824641f5d87090b,sort_P002,66,user04,,,,,,,,,,,,,like spam,a55830eb-34a0-4b21-b682-0508ab7167df,NO.REL.ENTITY
63be84a8a824641f5d87090f,sort_P002,67,user04,,,,,,,,,,,,,like spam,fcd5baec-da9b-4c3c-97bf-e0118f8785ec,NO.REL.ENTITY
